CREATE TABLE "film" (
	film_id INTEGER NOT NULL,
	name	VARCHAR(100),
	director VARCHAR(100),
	producer VARCHAR(100),
	writer VARCHAR(100),
	distributor VARCHAR(100),
	release_date VARCHAR(100),
	rating VARCHAR(100),
	running_time VARCHAR(100),
	budget VARCHAR(100),
	revenue VARCHAR(100),
	followed_by_id INTEGER,
	preceeded_by_id INTEGER,
	PRIMARY KEY(film_id)
);
INSERT INTO "film" VALUES(1,'Harry Potter and the Philosopher''s Stone','Chris Columbus','David Heyman','Novel: J. K. Rowling Screenplay: Steve Kloves','Warner Bros.','4 November 2001 (UK) 14 November 2001 (US)','PG','144 minutes','$125 million','$974,755,371',2,NULL);
INSERT INTO "film" VALUES(2,'Harry Potter and the Chamber of Secrets','Chris Columbus','David Heyman','Novel: J. K. Rowling Screenplay: Steve Kloves','Warner Bros.','15 November 2002 (US, UK) 28 November 2002 (AUS)','PG','161 minutes','$100 million','$878,979,634',3,1);
INSERT INTO "film" VALUES(3,'Harry Potter and the Prisoner of Azkaban','Alfonso Cuarón','Chris Columbus David Heyman Mark Radcliffe','Novel: J. K. Rowling Screenplay: Steve Kloves','Warner Bros.','31 May 2004 (UK) 4 June 2004 (US) 10 June 2004 (AUS)','UK: PG US: PG','144 minutes','$130 million','$796,688,549',4,2);
INSERT INTO "film" VALUES(4,'Harry Potter and the Goblet of Fire','Mike Newell','David Heyman David Barron','Novel: J. K. Rowling Screenplay: Steve Kloves','Warner Bros.','18 November 2005 (UK, US) 1 December 2005 (AUS)','PG-13','150 minutes','$150 million','$896,911,078',5,3);
INSERT INTO "film" VALUES(5,'Harry Potter and the Order of the Phoenix','David Yates','David Heyman David Barron','Novel: J. K. Rowling Screenplay: Michael Goldenberg','Warner Bros.','11 July 2007 (US, AUS) 12 July 2007 (UK)','UK: 12A US: PG-13','132 minutes','$150-200 million','$939,885,929',6,4);
INSERT INTO "film" VALUES(6,'Harry Potter and the Half-Blood Prince','David Yates','David Heyman David Barron','Novel:  J. K. Rowling Screenplay: Steve Kloves','Warner Bros.','15 July 2009','UK:12A US: PG','153 minutes','$250 million','$934,416,587',7,5);
INSERT INTO "film" VALUES(7,'Harry Potter and the Deathly Hallows: Part 1','David Yates','David Heyman David Barron J. K. Rowling','Novel: J. K. Rowling Screenplay: Steve Kloves','Warner Bros.','18 November 2010','UK: 12A US: PG-13','147 minutes','$250 million (shared with Part 2)','$955,417,476',8,6);
INSERT INTO "film" VALUES(8,'Harry Potter and the Deathly Hallows: Part 2','David Yates','David Heyman David Barron J. K. Rowling','Novel: J.K. Rowling Screenplay: Steve Kloves','Warner Bros.','15 July 2011','UK: 12A US: PG-13','130 minutes','$250 million (shared with Part 1)','$1,328,111,219',NULL,7);
CREATE TABLE "book" (
	book_id	INTEGER NOT NULL,
	name	VARCHAR(100) UNIQUE,
	cover_artist_name	VARCHAR(255),
	publisher	VARCHAR(255),
	release_date	VARCHAR(255),
	pages	VARCHAR(255), preceeded_by_id INTEGER REFERENCES book(book_id), followed_by_id INTEGER REFERENCES book(book_id),
	PRIMARY KEY(book_id)
);
INSERT INTO "book" VALUES(1,'Harry Potter and the Philosopher''s Stone','Mary GrandPre (US)   Kazu Kibuishi (US)  Thomas Taylor (UK)','Bloomsbury (UK)  Scholastic (US)  Raincoast Books (Canada)','26 June, 1997 (UK)[1]  1 September 1998 (US)','223 (UK)  309 (US)',NULL,2);
INSERT INTO "book" VALUES(2,'Harry Potter and the Chamber of Secrets','Mary GrandPre (US) Kazu Kibuishi (US)  Cliff Wright (UK)','Bloomsbury (UK) Scholastic (US) Raincoast Books (Canada)','2 July, 1998 (UK) 2 June, 1999 (US)','251 (UK) 341 (US)',1,3);
INSERT INTO "book" VALUES(3,'Harry Potter and the Prisoner of Azkaban','Mary GrandPre (US)  Kazu Kibuishi (US) Cliff Wright (UK)','Bloomsbury (UK) Scholastic (US)','8 July, 1999','317 (UK) 435 (US)',2,4);
INSERT INTO "book" VALUES(4,'Harry Potter and the Goblet of Fire','Mary GrandPre (US)  Kazu Kibuishi (US) Cliff Wright (UK)','Bloomsbury (UK) Scholastic (US)','8 July, 2000','636 (UK) 734 (US)',3,5);
INSERT INTO "book" VALUES(5,'Harry Potter and the Order of the Phoenix','Mary GrandPre (US) Kazu Kibuishi (US) Jason Cockcroft (UK)','Bloomsbury (UK) Scholastic (US)','21 June, 2003','766 (UK) 870 (US)',4,6);
INSERT INTO "book" VALUES(6,'Harry Potter and the Half-Blood Prince','Mary GrandPre (US) Kazu Kibuishi (US) Jason Cockcroft (UK)','Bloomsbury (UK) Scholastic (US)','16 July, 2005','607 (UK) 652 (US)',5,7);
INSERT INTO "book" VALUES(7,'Harry Potter and the Deathly Hallows','Mary GrandPre (US) Kazu Kibuishi (US) Jason Cockcroft (UK)','Bloomsbury (UK) Scholastic (US)','21 July, 2007','610 (UK) 759 (US)',6,NULL);
CREATE TABLE spell (
	spell_id INTEGER NOT NULL, 
	name VARCHAR(100), 
	incantation VARCHAR(100), 
	type VARCHAR(100), 
	light VARCHAR(100), 
	effect VARCHAR(999), 
	PRIMARY KEY (spell_id)
);
INSERT INTO "spell" VALUES(1,'Summoning Charm','Accio (AK-eee-oh)','Charm','None','Summons an object from a distance');
INSERT INTO "spell" VALUES(2,'Age Line','Unknown','Charm','','Prevents people above or below a certain age accessing a certain object or place');
INSERT INTO "spell" VALUES(3,'Water-Making Spell','Aguamenti (AGUA-menti)','Charm, Conjuration','Icy blue','Conjures water');
INSERT INTO "spell" VALUES(4,'Alarte Ascendare','Alarte Ascendare (A-lar-tay a-SEN-day-ray)','Charm','Red','Rockets target upward');
INSERT INTO "spell" VALUES(5,'Albus Dumbledore''s forceful spell','Unknown','Spell','None','Great force');
INSERT INTO "spell" VALUES(6,'Unlocking Charm','Alohomora (al-LOH-ha-MOR-ah)','Charm','Invisible, blue, yellow, or purple','Unlocks doors and windows');
INSERT INTO "spell" VALUES(7,'Anapneo','Anapneo (an-AP-knee-o)','Healing spell','','Clears throat');
INSERT INTO "spell" VALUES(8,'Anteoculatia','Anteoculatia (AN-tea-oh-cuh-LAY-chee-a)','Hex','Red','Causes the victim to sprout antlers or horns');
INSERT INTO "spell" VALUES(9,'Anti-jinx','Unknown','Counter-spell','','Prevents the effects of a jinx over one target object or animal');
INSERT INTO "spell" VALUES(10,'Anti-Cheating Spell','Unknown','Charm','Purple','Prevents the students from cheating; makes it impossible for the writing quills to write cheats');
INSERT INTO "spell" VALUES(11,'Anti-Disapparition Jinx','Unknown','Jinx','','Prevents Disapparition within a certain area');
INSERT INTO "spell" VALUES(12,'Antonin Dolohov''s curse','Unknown','Curse','Purple','Inflicts pain or death');
INSERT INTO "spell" VALUES(13,'Revealing Charm','Aparecium (AH-par-EH-see-um)','Charm','','Reveals invisible writing');
INSERT INTO "spell" VALUES(14,'Aqua Eructo Charm','Aqua Eructo (A-kwa ee-RUCK-toh)','Charm','Ice-blue','Conjures water');
INSERT INTO "spell" VALUES(15,'Arania Exumai','Arania Exumai (ah-RAHN-ee-a EGGS-oo-may)','Spell','Blue','Repels spiders');
INSERT INTO "spell" VALUES(16,'Arresto Momentum','Arresto Momentum (ah-REST-oh mo-MEN-tum)','Charm','None','Slows or stops target''s descent');
INSERT INTO "spell" VALUES(17,'Arrow-Shooting Spell','Inflecto Telum','Conjuration','','Fires arrows from the caster''s wand');
INSERT INTO "spell" VALUES(18,'Ascendio','Ascendio (ah-SEN-dee-oh)','Charm','None','Lifts caster');
INSERT INTO "spell" VALUES(19,'Killing Curse','Avada Kedavra (a-VAH-dah ke-DAH-vra)','Curse, Dark Arts','Green','Instantaneous, painless death');
INSERT INTO "spell" VALUES(20,'Avifors Spell','Avifors (AH-vi-fors)','Transfiguration','Electric blue','Turns target into:  Bird Flock of birds Flock of bats');
INSERT INTO "spell" VALUES(21,'Bird-Conjuring Charm','Avis (AH-viss)','Conjuration','Blue','Conjures birds');
INSERT INTO "spell" VALUES(22,'Babbling Curse','Unknown','Curse','','Causes uncontrollable babbling');
INSERT INTO "spell" VALUES(23,'Bat-Bogey Hex','Unknown','Hex','','Causes the target''s bogeys to turn into large, black bats and fly out their nose.');
INSERT INTO "spell" VALUES(24,'Baubillious','Baubillious (baw-BILL-ee-us)','Charm','White','Shoots lightning');
INSERT INTO "spell" VALUES(25,'Bedazzling Hex','Unknown','Hex','','Disguises things');
INSERT INTO "spell" VALUES(26,'Bewitched Snowballs','Unknown','Charm','','Charms snowballs to follow and harass a designated target');
INSERT INTO "spell" VALUES(27,'Bluebell Flames','Unknown','Charm','Bright blue','Conjures blue fire');
INSERT INTO "spell" VALUES(28,'Bombarda','Bombarda','Charm','None','Provokes explosions');
INSERT INTO "spell" VALUES(29,'Bombarda Maxima','Bombarda Maxima','Charm','White','Produces large explosions');
INSERT INTO "spell" VALUES(30,'Brackium Emendo','Brackium Emendo (br-AH-kee-um eh-MEN-doh)','Charm','None','Mends bones');
INSERT INTO "spell" VALUES(31,'Bubble-Head Charm','Unknown','Charm','','Creates bubble protecting the head');
INSERT INTO "spell" VALUES(32,'Bubble-producing spell','Unknown','Charm','None','Creates a stream of non-bursting bubbles');
INSERT INTO "spell" VALUES(33,'Hair Loss Curse','Calvorio (CAL-voh-RHI-oh)','Curse','Red','Removes victim''s hair');
INSERT INTO "spell" VALUES(34,'Cantis','Cantis (CAN-tis)','Jinx','White','Makes things and people sing');
INSERT INTO "spell" VALUES(35,'Seize and Pull Charm','Carpe Retractum (KAHR-pay ruh-TRACK-tum)','Charm','Orange','Pulls things');
INSERT INTO "spell" VALUES(36,'Cascading Jinx','Unknown','Jinx','Blue','Targets multiple enemies');
INSERT INTO "spell" VALUES(37,'Caterwauling Charm','Unknown','Charm','','Sets off a high-pitched shriek if entered');
INSERT INTO "spell" VALUES(38,'Cauldron to Sieve','Unknown','Transfiguration','','Turns a cauldron into a sieve');
INSERT INTO "spell" VALUES(39,'Cave inimicum','Cave inimicum (CAH-vay uh-NIM-i-kuhm)','Charm','None (haze)','Protection');
INSERT INTO "spell" VALUES(40,'Cheering Charm','Unknown','Charm','','Makes one happy');
INSERT INTO "spell" VALUES(41,'Cistem Aperio','Cistem Aperio  (SEESS-tem a-PER-ioh)','Charm','White','Opens chests');
INSERT INTO "spell" VALUES(42,'Locking Spell','Colloportus (cull-low-PORE-tus)','Charm','None','Seals doors');
INSERT INTO "spell" VALUES(43,'Stickfast Hex','Colloshoo','Hex','','Makes target''s shoes stick to ground');
INSERT INTO "spell" VALUES(44,'Colour Change Charm','Colovaria (co-loh-VA-ree-ah)','Charm','Red','Changes colour');
INSERT INTO "spell" VALUES(45,'Blasting Curse','Confringo (con-FREEN-go)','Curse','Orange, fire-like','Causes explosion');
INSERT INTO "spell" VALUES(46,'Confundus Charm','Confundo (con-FUN-doe)','Charm','None','Produces confusion');
INSERT INTO "spell" VALUES(47,'Conjunctivitis Curse','Unknown','Curse','','Swells victim''s eyes shut');
INSERT INTO "spell" VALUES(48,'Cornflake skin spell','Unknown','','','Causes skin to look like it''s coated in cornflakes');
INSERT INTO "spell" VALUES(49,'Cracker Jinx','Unknown','Jinx','','Conjures exploding Wizard Crackers');
INSERT INTO "spell" VALUES(50,'Cribbing Spell','Unknown','Spell','','Assists the caster in cheating on written papers.');
INSERT INTO "spell" VALUES(51,'Cruciatus Curse','Crucio  (KROO-see-oh)','Curse','Red or none','Extreme pain, torture');
INSERT INTO "spell" VALUES(52,'Curse of the Bogies','Mucus ad Nauseam (MYOO-kus ahd NOU-see-um)','Curse','Green','Gives an enemy a nasty cold, and an extremely runny nose');
INSERT INTO "spell" VALUES(53,'Cushioning Charm','Unknown','Charm','','Cushions an area/object');
INSERT INTO "spell" VALUES(54,'Gouging Spell','Defodio (deh-FOH-dee-oh)','Charm','','Blasts gouges into the target');
INSERT INTO "spell" VALUES(55,'Eradication Spell','Deletrius (de-LEE-tree-us)','Charm','None','Disintegration');
INSERT INTO "spell" VALUES(56,'Densaugeo','Densaugeo  (den-sah-OO-gi-oh)','Hex','Violet','Grotesquely elongates teeth');
INSERT INTO "spell" VALUES(57,'Banishing Charm','Depulso (de-PUHL-so)','Charm','White','Sends an object away');
INSERT INTO "spell" VALUES(58,'Descendo','Descendo (deh-SEHN-doh)','Charm','Blue','Lowers target');
INSERT INTO "spell" VALUES(59,'Deprimo','Deprimo (DEE-PRIM-oh)','Charm','None','Blasts holes');
INSERT INTO "spell" VALUES(60,'Severing Charm','Diffindo (deef-IN-doe)','Charm','White','Cuts the target');
INSERT INTO "spell" VALUES(61,'Diminuendo','Diminuendo','Charm','White','Shrinks objects');
INSERT INTO "spell" VALUES(62,'Dissendium','Dissendium (dis-EN-dee-um)','Charm','None','Reveals hidden passageways');
INSERT INTO "spell" VALUES(63,'Disillusionment Charm','Unknown','Charm','White','Invisibility');
INSERT INTO "spell" VALUES(64,'Draconifors Spell','Draconifors','Transfiguration','Fiery red','Turns things into dragons');
INSERT INTO "spell" VALUES(65,'Ducklifors Jinx','Ducklifors','Transfiguration','Yellow','Turns things to ducks');
INSERT INTO "spell" VALUES(66,'Hardening Charm','Duro (DOO-roh)','Charm','None','Changes objects into solid stone.');
INSERT INTO "spell" VALUES(67,'Ears to kumquats','Unknown','Transfiguration','','Transfigures target''s ears into kumquats');
INSERT INTO "spell" VALUES(68,'','Unknown','','','');
INSERT INTO "spell" VALUES(69,'Ebublio Jinx','Ebublio (ee-BUB-leo)','Jinx','Purple','Traps target in giant bubble');
INSERT INTO "spell" VALUES(70,'Engorgement Charm','Engorgio  (en-GOR-gee-oh)','Charm','Icy blue','Causes swelling');
INSERT INTO "spell" VALUES(71,'Engorgio Skullus','Engorgio Skullus (in-GORE-jee-oh SKULL-us)','Hex','Green','Swells head');
INSERT INTO "spell" VALUES(72,'Entomorphis','Entomorphis','Jinx','Red','Turns into insect');
INSERT INTO "spell" VALUES(73,'Entrail-Expelling Curse','Unknown','Curse','','Unknown, possibly expels entrails from one''s body.');
INSERT INTO "spell" VALUES(74,'Episkey','Episkey (eh-PIS-kee)','Healing spell','None','Heals relatively minor injuries');
INSERT INTO "spell" VALUES(75,'Epoximise','Epoximise (ee-POX-i-mise)','Transfiguration','','Bonds two objects');
INSERT INTO "spell" VALUES(76,'Erecto','Erecto (uh-REK-toh)','Charm','None','Erects a structure');
INSERT INTO "spell" VALUES(77,'Evanesce','Evanesce','Transfiguration','Bluish-white','Vanishes objects');
INSERT INTO "spell" VALUES(78,'Vanishing Spell','Evanesco (ev-an-ES-ko)','Transfiguration','None','Vanishes things');
INSERT INTO "spell" VALUES(79,'Everte Statum','Everte Statum (ee-VER-tay STAH-tum)','Spell','Orange','Makes opponent stumble Causes sharp pain');
INSERT INTO "spell" VALUES(80,'Patronus Charm','Expecto Patronum (ex-PEK-toh pa-TRO-num)','Charm','Silver','Conjures a spirit guardian');
INSERT INTO "spell" VALUES(81,'Disarming Charm','Expelliarmus (ex-PELL-ee-ARE-muss)','Charm','Scarlet','Disarms an opponent');
INSERT INTO "spell" VALUES(82,'Expulso Curse','Expulso (ecks-SPUHL-soh)','Curse','Blue','Blows things up');
INSERT INTO "spell" VALUES(83,'Extinguishing spell','Unknown','Spell','','Puts out fires');
INSERT INTO "spell" VALUES(84,'Eye of rabbit, harp string hum, turn this water into rum','Eye of rabbit, harp string hum, turn this water into rum','Transfiguration','White (possibly)','Turns water into rum');
INSERT INTO "spell" VALUES(85,'Feather-light charm','Unknown','Charm','','Makes something lightweight');
INSERT INTO "spell" VALUES(86,'Ferula','Ferula (fer-ROOL-lah)','Charm','','Bandages and splints broken bones');
INSERT INTO "spell" VALUES(87,'Fianto Duri','Fianto Duri (fee-AHN-toe DYOU-ree)','Charm','Blueish white','Unclear; protection — hardens or strengthens magical barriers (most likely)');
INSERT INTO "spell" VALUES(88,'Fidelius Charm','Unknown','Charm','','Conceals a secret');
INSERT INTO "spell" VALUES(89,'Fiendfyre','Unknown','Curse','Fire','Unleashes cursed fire');
INSERT INTO "spell" VALUES(90,'General Counter-Spell','Finite Incantatem (fi-NEE-tay in-can-TAH-tem)','Counter-spell','Red','Terminates all spell effects');
INSERT INTO "spell" VALUES(91,'General Counter-Spell','Finite Incantatem (fi-NEE-tay in-can-TAH-tem)','Counter-spell','Red','Terminates all spell effects');
INSERT INTO "spell" VALUES(92,'Finger-removing jinx','Unknown','Jinx','','Removes a person''s fingers');
INSERT INTO "spell" VALUES(93,'Firestorm','Unknown','Charm','Crimson and gold','Ring of fire');
INSERT INTO "spell" VALUES(94,'Flagrante Curse','Unknown','Curse','','Causes objects to burn on contact');
INSERT INTO "spell" VALUES(95,'Flagrate','Flagrate (fla-GRA-tay)','Charm','None, except red/orange fiery writing','Marks the air with a burning trail');
INSERT INTO "spell" VALUES(96,'Flame-Freezing Charm','Unknown','Charm','White','Changes effects of fire');
INSERT INTO "spell" VALUES(97,'Knockback Jinx','Flipendo (fli-PEN-doh)','Jinx','Blue','Knocks opponent over');
INSERT INTO "spell" VALUES(98,'Knockback Jinx Duo','Flipendo Duo','Jinx','Blue','Knocks opponent back');
INSERT INTO "spell" VALUES(99,'Flipendo Tria','Flipendo Tria','Jinx','Blue','More powerful version of Flipendo');
INSERT INTO "spell" VALUES(100,'Flying charm','Unknown','Charm','','Allows an object to fly');
INSERT INTO "spell" VALUES(101,'Smokescreen Spell','Fumos','Charm','Yellow','Defensive smokescreen');
INSERT INTO "spell" VALUES(102,'Fumos Duo','Fumos Duo','Charm','','Conjures thick smoke');
INSERT INTO "spell" VALUES(103,'Pimple Jinx','Furnunculus (fur-NUN-kyoo-lus)','Jinx','Gold','Pimples erupt');
INSERT INTO "spell" VALUES(104,'Fur spell','Unknown','Charm','','Causes fur to grow on someone.');
INSERT INTO "spell" VALUES(105,'Gemino Curse','Geminio (juh-MIN-ee-oh)','Charm or Curse','None','Duplicates an object');
INSERT INTO "spell" VALUES(106,'Freezing Spell','Glacius (GLAY-see-us)','Charm','Blue','Conjures ice');
INSERT INTO "spell" VALUES(107,'Glacius Duo','Glacius Duo (GLAY-see-us DOO-oh)','Charm','Blue','Freezes the target');
INSERT INTO "spell" VALUES(108,'Glacius Tria','Glacius Tria','Charm','','Freezes target enemy');
INSERT INTO "spell" VALUES(109,'Glisseo','Glisseo (glis-EH-oh)','Charm','None','Turns stairs into slides');
INSERT INTO "spell" VALUES(110,'Green Sparks','Unknown','','','Shot out a jet of green sparks');
INSERT INTO "spell" VALUES(111,'Gripping Charm','Unknown','Charm','','Makes holding easier');
INSERT INTO "spell" VALUES(112,'Hair-thickening Charm','Unknown','Charm','','Causes hair to grow longer and thicker');
INSERT INTO "spell" VALUES(113,'Harmonia Nectere Passus','Harmonia Nectere Passus (har-MOH-nee-ah neck-TA-ray PASS-us)','Charm','None','Repairs Vanishing Cabinets');
INSERT INTO "spell" VALUES(114,'Herbifors','Herbifors (HERB-i-fors)','Transfiguration','Red','Produces flowers from head');
INSERT INTO "spell" VALUES(115,'Herbivicus Charm','Herbivicus (her-BIV-i-cuss)','Charm','Green','Promotes plant growth Defeats certain creatures');
INSERT INTO "spell" VALUES(116,'Dumbledore''s Army parchment jinx','Unknown','Jinx','','Causes boils to spell ''SNEAK'' on the face of a traitor');
INSERT INTO "spell" VALUES(117,'Homing spell','Unknown','','Orange or green','Offensive spells; will follow their target');
INSERT INTO "spell" VALUES(118,'Hour-Reversal Charm','Unknown','Charm','','Reverses time');
INSERT INTO "spell" VALUES(119,'Homenum Revelio','Homenum Revelio (HOH-min-nuhm ruh-VAY-lee-oh)','Charm','None','Reveals human presence');
INSERT INTO "spell" VALUES(120,'Homorphus Charm','Unknown','Charm','','Temporarily changes a transformed werewolf back into their human form (according to Gilderoy Lockhart)');
INSERT INTO "spell" VALUES(121,'Horton-Keitch Braking Charm','Unknown','Charm','','Allow broomsticks to brake more easily');
INSERT INTO "spell" VALUES(122,'Horcrux','Unknown','','','');
INSERT INTO "spell" VALUES(123,'Hot-Air Charm','Unknown','Charm','None','Conjures a stream of hot air');
INSERT INTO "spell" VALUES(124,'Hover Charm','Unknown','','White flash of light','Makes the target hover in mid-air');
INSERT INTO "spell" VALUES(125,'Hurling Hex','Unknown','Hex','','Unclear, possibly causes a broomstick to attempt to hurl its rider off.');
INSERT INTO "spell" VALUES(126,'Illegibilus','Illegibilus (i-LEJ-i-BILL-us)','Charm','','Renders a text unreadable');
INSERT INTO "spell" VALUES(127,'Freezing Charm','Immobulus (ih-MOH-byoo-luhs)','Charm','Blue','Renders living targets immobile.');
INSERT INTO "spell" VALUES(128,'Impediment Jinx','Impedimenta (im-PED-a-MEN-ta)','Jinx','Turquoise','Temporarily slows target');
INSERT INTO "spell" VALUES(129,'Imperius Curse','Imperio (im-PEER-ee-oh)','Curse','Green smoke','Total control over the victim');
INSERT INTO "spell" VALUES(130,'Imperturbable Charm','Unknown','Charm','','Soundproofs an area, prevents objects from approaching');
INSERT INTO "spell" VALUES(131,'Impervius Charm','Impervius (im-PUR-vee-us)','Charm','None','Repels water and mist');
INSERT INTO "spell" VALUES(132,'Inanimatus Conjurus Spell','Unknown','Transfiguration','','Presumably conjures inanimate objects');
INSERT INTO "spell" VALUES(133,'Incarcerous Spell','Incarcerous (in-KAR-ser-us)','Conjuration','None','Binds target');
INSERT INTO "spell" VALUES(134,'Fire-Making Spell','Incendio (in-SEN-dee-o)','Charm','Fire','Conjures a jet of flame');
INSERT INTO "spell" VALUES(135,'Incendio Duo','Incendio Duo (in-SEN-dee-oh DOO-oh)','Charm','Green','Conjures flames');
INSERT INTO "spell" VALUES(136,'Incendio Tria','Incendio Tria (in-SEN-dee-oh TREE-ah)','Charm','Blue','Conjures flames');
INSERT INTO "spell" VALUES(137,'Inflatus Jinx','Inflatus','Jinx','Blue','Inflates creatures');
INSERT INTO "spell" VALUES(138,'Informous Spell','Informous','Charm','Blue','Adds to the Folio Bruti');
INSERT INTO "spell" VALUES(139,'Intruder Charm','Unknown','Charm','','Detects intruders and sounds an alarm');
INSERT INTO "spell" VALUES(140,'Jelly-Legs Curse','Locomotor Wibbly (LOH-koh-moh-tor WI-bl-ee)','Curse, Jinx','Red','Collapse legs');
INSERT INTO "spell" VALUES(141,'Jelly-Brain Jinx','Unknown','Jinx','','Presumably affects the victim''s mental processes');
INSERT INTO "spell" VALUES(142,'Jelly-Fingers Curse','Unknown','Curse','','Causes fingers to become almost jelly-like');
INSERT INTO "spell" VALUES(143,'Knee-reversal hex','Unknown','Hex','','Switches knees from front of legs to back.');
INSERT INTO "spell" VALUES(144,'Lacarnum Inflamari','Lacarnum Inflamari','Charm','Orange','Ignites cloaks');
INSERT INTO "spell" VALUES(145,'Langlock','Langlock (LANG-glock)','Jinx','None','Affixes tongue to the roof of the mouth');
INSERT INTO "spell" VALUES(146,'Lapifors Spell','Lapifors (LAP-i-fors)','Transfiguration','Pink','Turns target into rabbit');
INSERT INTO "spell" VALUES(147,'Leek jinx','Unknown','Jinx','','Leeks sprout from ears');
INSERT INTO "spell" VALUES(148,'Legilimency Spell','Legilimens (leh-JILL-ih-mens)','Charm','Psychadelic transparent wave','Allows the caster entry into the victim''s mind');
INSERT INTO "spell" VALUES(149,'Levicorpus','Levicorpus (levi-COR-pus)','Jinx','Green','Lifts people');
INSERT INTO "spell" VALUES(150,'Liberacorpus','Liberacorpus (lib-ER-A-cor-pus)','Counter-spell','None','Counteracts Levicorpus');
INSERT INTO "spell" VALUES(151,'Locomotion Charm','Locomotor (LOH-koh-moh-tor)','Charm','None','Moves target');
INSERT INTO "spell" VALUES(152,'Leg-Locker Curse','Locomotor Mortis (LOH-koh-moh-tor MOR-tis)','Curse','Purple','Sticks legs together');
INSERT INTO "spell" VALUES(153,'Wand Lighting Charm','Lumos (LOO-mos)','Charm','White','Illuminates the wand tip');
INSERT INTO "spell" VALUES(154,'Lumos Duo Charm','Lumos Duo','Charm','Yellow','Light connects wand and target');
INSERT INTO "spell" VALUES(155,'Lumos Maxima','Lumos Maxima (LOO-mos MAX-i-muh)','Charm','White','Produces bright light');
INSERT INTO "spell" VALUES(156,'Lumos Solem','Lumos Solem (LOO-mos SO-lem)','Charm','Very bright','Creates a bright, narrow light');
INSERT INTO "spell" VALUES(157,'','Unknown','','','');
INSERT INTO "spell" VALUES(158,'Melofors Jinx','Melofors','Jinx','Orange','Encases victim''s head in pumpkin');
INSERT INTO "spell" VALUES(159,'Meteolojinx Recanto','Meteolojinx Recanto (mee-tee-OH-loh-jeenks ree-KAN-toh)','Charm','None','Causes weather effects caused by incantations to cease');
INSERT INTO "spell" VALUES(160,'Tongue-Tying Curse','Mimble wimble','Curse','','Binds the target''s tongue');
INSERT INTO "spell" VALUES(161,'Mobiliarbus','Mobiliarbus (MO-bi-lee-AR-bus)','Charm','None','Levitates and moves trees');
INSERT INTO "spell" VALUES(162,'Mobilicorpus','Mobilicorpus (MOW-bill-ee-CORE-pus)','Charm','None','Moves people who can''t walk');
INSERT INTO "spell" VALUES(163,'Morsmordre','Morsmordre (morz-MOR-druh)','','Green','Conjures the Dark Mark');
INSERT INTO "spell" VALUES(164,'Muffliato Charm','Muffliato (muff-LEE-ato)','Charm','None','Muffles sounds');
INSERT INTO "spell" VALUES(165,'Multicorfors','Multicorfors (MULL-tee-CORE-fors)','Transfiguration','Red','Changes colour of clothes');
INSERT INTO "spell" VALUES(166,'Wand-Extinguishing Charm','Nox (NOCK-ss)','Countercharm','','Counters the Wand-Lighting Charm');
INSERT INTO "spell" VALUES(167,'Oculus Reparo','Oculus Reparo OCK-you-liss reh-PAH-roh','Charm','Red','Repairs glasses');
INSERT INTO "spell" VALUES(168,'Obliteration Charm','Unknown','Charm','','Removes footprints');
INSERT INTO "spell" VALUES(169,'Memory Charm','Obliviate  (oh-BLI-vee-ate)','Charm','Green','Erases memory');
INSERT INTO "spell" VALUES(170,'Obscuro','Obscuro (ob-SKOO-roh)','Charm','None','Blindfolds target');
INSERT INTO "spell" VALUES(171,'Oppugno Jinx','Oppugno (oh-PUG-noh)','Jinx','None','Attack');
INSERT INTO "spell" VALUES(172,'Orbis Jinx','Orbis','Jinx','Blue','Sucks the target into the ground');
INSERT INTO "spell" VALUES(173,'Orchideous','Orchideous  (or-KID-ee-us)','Conjuration','','Conjures flowers');
INSERT INTO "spell" VALUES(174,'Pack','Pack','Charm','None','Packs luggage');
INSERT INTO "spell" VALUES(175,'Patented Daydream Charm','Unknown','','','');
INSERT INTO "spell" VALUES(176,'Partis Temporus','Partis Temporus (PAR-tus TEMP-or-us)','Charm','None','Parts the target');
INSERT INTO "spell" VALUES(177,'Periculum','Periculum (puh-RIK-yoo-lum)','Charm','Red','Shoots red sparks from the caster''s wand');
INSERT INTO "spell" VALUES(178,'Permanent Sticking Charm','Unknown','Charm','','Makes object permanently stay in place');
INSERT INTO "spell" VALUES(179,'Peskipiksi Pesternomi','Peskipiksi Pesternomi  (pes-kee PIK-see pes-ter-NO-mee)','Charm','None','Captures pixies');
INSERT INTO "spell" VALUES(180,'Full Body-Bind Curse','Petrificus Totalus  (pe-TRI-fi-cus to-TAH-lus)','Curse','None','Paralyses');
INSERT INTO "spell" VALUES(181,'Piertotum Locomotor','Piertotum Locomotor (PY-air-TOH-tuhm LOH-koh-MOH-tor)','Transfiguration','None','Animates target');
INSERT INTO "spell" VALUES(182,'Placement Charm','Unknown','Charm','','Temporarily places an object upon a desired target.');
INSERT INTO "spell" VALUES(183,'Four-Point Spell','Point Me','Spell','None','Wand behaves like a compass');
INSERT INTO "spell" VALUES(184,'Portus','Portus (POR-tus)','Charm','Blue','Creates a Portkey');
INSERT INTO "spell" VALUES(185,'Priori Incantatem','Prior Incantato (PRI-or in-can-TAH-toh)','Charm','Gold','Relives previous spells');
INSERT INTO "spell" VALUES(186,'Protean Charm','Unknown','Charm','','Links objects');
INSERT INTO "spell" VALUES(187,'Shield Charm','Protego (pro-TAY-goh)','Charm','Bright, transparent blue','Magically blocks spells &amp; physical entities');
INSERT INTO "spell" VALUES(188,'Protego horribilis','Protego horribilis (proh-TAY-goh hor-i-BIL-luhs)','Charm','','Protects against darkest magic');
INSERT INTO "spell" VALUES(189,'Protego Maxima','Protego Maxima (pro-TAY-goh MAKS-ee-ma)','Charm','Blueish white','Summons a large protective barrier');
INSERT INTO "spell" VALUES(190,'Protego totalum','Protego totalum (proh-TAY-goh TOH-tuh-luhm)','Charm','None (haze)','Defends an area');
INSERT INTO "spell" VALUES(191,'Purple Firecrackers','Unknown','Charm','Purple','Causes purple firecrackers to burst from the tip of one''s wand');
INSERT INTO "spell" VALUES(192,'Pus-squirting hex','Unknown','Hex','None (bang)','Causes yellowish goo to squirt from one''s nose');
INSERT INTO "spell" VALUES(193,'Quietening Charm','Quietus (KWIY-uh-tus)','Charm','None','Quietens sound');
INSERT INTO "spell" VALUES(194,'Redactum Skullus','Redactum Skullus (red-AK-tum SKULL-us)','Hex','Red','Shrinks head');
INSERT INTO "spell" VALUES(195,'Shrinking Charm','Reducio (ruh-DOO-see-oh)','Charm','Purple','Shrinks target');
INSERT INTO "spell" VALUES(196,'Reductor Curse','Reducto (re-DUCK-toh)','Curse','Blue','Destroys solid objects');
INSERT INTO "spell" VALUES(197,'Refilling Charm','Unknown','Charm','None','Refills whatever the caster points at with the drink originally in the container');
INSERT INTO "spell" VALUES(198,'Reparifors','Unknown','Healing spell','Purplish-white','Heals minor magically induced ailments');
INSERT INTO "spell" VALUES(199,'Revulsion Jinx','Relashio  (Re-LASH-ee-oh)','Jinx','Purple','Releases the target''s grip');
INSERT INTO "spell" VALUES(200,'Reviving Spell','Rennervate (RENN-a-vate','Charm','Red','Awakens victim');
INSERT INTO "spell" VALUES(201,'Reparifarge','Reparifarge','Untransfiguration','','Reverses the effects of an incomplete Transformation spell');
INSERT INTO "spell" VALUES(202,'Mending Charm','Reparo (reh-PAH-roh)','Charm','None','Mends broken objects');
INSERT INTO "spell" VALUES(203,'Muggle-Repelling Charm','Repello Muggletum (ruh-PEL-oh MUH-guhl-tuhm)','Charm','None (haze)','Repels Muggles');
INSERT INTO "spell" VALUES(204,'Repello Inimicum','Repello Inimicum (re-PEH-lloh ee-nee-MEE-cum)','Charm','Blueish white','Unclear; protection - repels enemies (most likely)');
INSERT INTO "spell" VALUES(205,'Tickling Charm','Rictusempra (ric-tuh-SEM-pra)','Charm','Silver','Tickles and weakens');
INSERT INTO "spell" VALUES(206,'Riddikulus','Riddikulus (ri-di-KYOO-lus)','Charm','None (whip-crack noise)','Gets rid of Boggarts');
INSERT INTO "spell" VALUES(207,'Rose Growth','Unknown, possibly Herbivicus','Charm','','Accelerates the growth of a rosebush');
INSERT INTO "spell" VALUES(208,'Rowboat spell','Unknown','Charm','','Causes a rowboat to propel itself.');
INSERT INTO "spell" VALUES(209,'Salvio hexia','Salvio hexia (SAL-vee-oh HEK-see-uh)','Charm','None (haze)','Hex deflection');
INSERT INTO "spell" VALUES(210,'Sardine Hex','Unknown','Hex','','Causes sardines to come out the victim''s nose');
INSERT INTO "spell" VALUES(211,'Fire-creating spell','Unknown','Spell','Orange','');
INSERT INTO "spell" VALUES(212,'Scouring Charm','Scourgify (SKUR-ji-fy)','Charm','None','Cleans target object');
INSERT INTO "spell" VALUES(213,'Sectumsempra','Sectumsempra (sec-TUM-semp-ra)','Curse','White','Cuts');
INSERT INTO "spell" VALUES(214,'Shield penetration spell','Unknown','Spell','Bluish-white','Used to break down magical shields');
INSERT INTO "spell" VALUES(215,'Shooting Spell','Unknown','Spell','None','Small explosion with a gunshot-sound');
INSERT INTO "spell" VALUES(216,'Smashing Spell','Unknown','Spell','Blue','Explosions');
INSERT INTO "spell" VALUES(217,'Snake Summons Spell','Serpensortia (ser-pen-SOR-tee-uh)','Transfiguration','White','Conjures a snake');
INSERT INTO "spell" VALUES(218,'Silencing Charm','Silencio (si-LEN-see-oh)','Charm','None','Silences target');
INSERT INTO "spell" VALUES(219,'Skurge Charm','Skurge','Charm','White','Clears ectoplasm');
INSERT INTO "spell" VALUES(220,'Slug-vomiting Charm','Slugulus Eructo  (slug-YOU-lus eh-RUCK-toe)','Charm','Green','Causes the victim to vomit slugs');
INSERT INTO "spell" VALUES(221,'Sonorous Charm','Unknown','Charm','Orange','Emmits a magnified roar from the tip of the wand');
INSERT INTO "spell" VALUES(222,'Amplifying Charm','Sonorus (soh-NOHR-us)','Charm','None','Amplifies sounds');
INSERT INTO "spell" VALUES(223,'Scarpin''s Revelaspell','Unknown','Charm','','Identify potion ingredients');
INSERT INTO "spell" VALUES(224,'Softening Charm','Spongify (SPUHN-jee-fye)','Charm','Pink','Makes an area/object rubbery and bouncy');
INSERT INTO "spell" VALUES(225,'Stealth Sensoring Spell','Unknown','Spell','','Detects those under magical disguise.');
INSERT INTO "spell" VALUES(226,'Steleus','Steleus (STÉ-lee-us)','Hex','Green rings','Makes target sneeze');
INSERT INTO "spell" VALUES(227,'Stinging Jinx','Unknown','Jinx','White','Stings flesh');
INSERT INTO "spell" VALUES(228,'Stunning Spell','Stupefy (STEW-puh-fye)','Charm','Red','Renders a victim unconscious Halts moving objects');
INSERT INTO "spell" VALUES(229,'Supersensory Charm','Unknown','Charm','','Enhances caster''s senses.');
INSERT INTO "spell" VALUES(230,'Switching Spell','Unknown','Transfiguration','White','Switches two targets simultaneously.');
INSERT INTO "spell" VALUES(231,'Taboo','Unknown','Curse','','When a word is spoken, the caster is alerted');
INSERT INTO "spell" VALUES(232,'Dancing Feet Spell','Tarantallegra  (ta-RON-ta-LEG-gra)','Charm','Green','Forces the victim to dance wildly');
INSERT INTO "spell" VALUES(233,'Teleportation Spell','Unknown','Spell','','Makes objects teleport elsewhere');
INSERT INTO "spell" VALUES(234,'Tentaclifors','Tentaclifors','Jinx','','Turns victim''s head into tentacle');
INSERT INTO "spell" VALUES(235,'Tergeo','Tergeo','Charm','None','Siphons liquid');
INSERT INTO "spell" VALUES(236,'Tickling Hex','Titillando (TITI-lan-doh)','Hex','Purple','Tickles target and weakens');
INSERT INTO "spell" VALUES(237,'Toenail-growing hex','Unknown','Hex','','Causes its victim''s toenails to grow alarmingly fast');
INSERT INTO "spell" VALUES(238,'Densaugeo','Densaugeo  (den-sah-OO-gi-oh)','Hex','Violet','Grotesquely elongates teeth');
INSERT INTO "spell" VALUES(239,'Transmogrifian Torture','Unknown','Curse','','Kills');
INSERT INTO "spell" VALUES(240,'Trip Jinx','Unknown','Jinx','','Trips victim causing them to fall');
INSERT INTO "spell" VALUES(241,'Unbreakable Vow','Unknown','Spell','Red','Magical vow, fatal if broken');
INSERT INTO "spell" VALUES(242,'Unbreakable Charm','Unknown','Charm','','Makes an object unbreakable.');
INSERT INTO "spell" VALUES(243,'Undetectable Extension Charm','Unknown','Charm','','Simultaneously makes things bigger on the inside whilst magically disguising this effect.');
INSERT INTO "spell" VALUES(244,'Ventus Jinx','Ventus (VEN-tuss)','Jinx','White','Wind');
INSERT INTO "spell" VALUES(245,'Ventus Duo','Ventus Duo','Jinx','','Creates a stronger jet of wind compared to Ventus');
INSERT INTO "spell" VALUES(246,'Vera Verto','Vera Verto (vair-uh VAIR-toh)','Transfiguration','Crystal clear','Transforms animals into water goblets');
INSERT INTO "spell" VALUES(247,'Verdillious','Verdillious','Charm','Green','Causes the wand tip to burn like a sparkler whilst damaging the foe.');
INSERT INTO "spell" VALUES(248,'Verdimillious Charm','Verdimillious (vur-duh-MILL-ee-us)','Charm','Green','Precipitates green energy from the wand that can:  Do damage to opponents Reveal hidden things');
INSERT INTO "spell" VALUES(249,'Verdimillious Duo Spell','Verdimillious Duo (VUR-duh-MILL-ee-us DOO-oh)','Charm','Green or red','Precipitates green or red energy that can:  Do damage to an opponent (green) Reveal hidden objects (red)');
INSERT INTO "spell" VALUES(250,'Vipera Evanesca','Vipera Evanesca (vee-PAIR-uh ee-vuh-NES-kuh)','Counter-spell','Black smoke','Vanishes snakes');
INSERT INTO "spell" VALUES(251,'Vulnera Sanentur','Vulnera Sanentur','Healing spell Counter-curse','None','Slows blood flow Clears residue Knits wounds');
INSERT INTO "spell" VALUES(252,'Waddiwasi','Waddiwasi (wah-dee-WAH-see)','Charm','None','Shoots thing at target');
INSERT INTO "spell" VALUES(253,'Washing up spell','Unknown','Charm','None','Causes dishes to wash themselves');
INSERT INTO "spell" VALUES(254,'Levitation Charm','Wingardium Leviosa (wing-GAR-dee-um levi-O-sa)','Charm','','Makes objects fly');
CREATE TABLE "house" (
	house_id	INTEGER NOT NULL,
	name	VARCHAR(100),
	colours	VARCHAR(100),
	animal	VARCHAR(100),
	element	VARCHAR(100),
	common_room	VARCHAR(100),
	head_of_house_id	INTEGER,
	founder_id	INTEGER,
	ghost_id	INTEGER,
	PRIMARY KEY(house_id)
);
INSERT INTO "house" VALUES(1,'Gryffindor','Crimson/Scarlet and Gold','Lion','Fire','Gryffindor Tower',114,77,127);
INSERT INTO "house" VALUES(2,'Hufflepuff','Yellow and Black','Badger','Earth','Hufflepuff Basement',145,85,174);
INSERT INTO "house" VALUES(3,'Ravenclaw','Blue and Bronze','Eagle','Air','Ravenclaw Tower',63,158,84);
INSERT INTO "house" VALUES(4,'Slytherin','Green and Silver','Serpent','Water','Slytherin Dungeon',166,161,173);
CREATE TABLE "value" (
	value_id	INTEGER NOT NULL,
	name	VARCHAR(100),
	PRIMARY KEY(value_id)
);
INSERT INTO "value" VALUES(1,'Ambition');
INSERT INTO "value" VALUES(2,'Bravery');
INSERT INTO "value" VALUES(3,'Chivalry');
INSERT INTO "value" VALUES(4,'Courage');
INSERT INTO "value" VALUES(5,'Creativity');
INSERT INTO "value" VALUES(6,'Cunning');
INSERT INTO "value" VALUES(7,'Hard Work');
INSERT INTO "value" VALUES(8,'Intelligence');
INSERT INTO "value" VALUES(9,'Justice');
INSERT INTO "value" VALUES(10,'Leadership');
INSERT INTO "value" VALUES(11,'Learning');
INSERT INTO "value" VALUES(12,'Loyalty');
INSERT INTO "value" VALUES(13,'Nerve');
INSERT INTO "value" VALUES(14,'Patience');
INSERT INTO "value" VALUES(15,'Resourcefulness');
INSERT INTO "value" VALUES(16,'Wit');
CREATE TABLE "character" (
	character_id	INTEGER NOT NULL,
	name	VARCHAR(100),
	species	VARCHAR(100),
	gender	VARCHAR(100),
	hair_colour	VARCHAR(100),
	eye_colour	VARCHAR(100),
	wand	VARCHAR(100),
	patronus	VARCHAR(100),
	animagus	VARCHAR(100),
	hogwarts_house_id	INTEGER,
	PRIMARY KEY(character_id)
);
INSERT INTO "character" VALUES(1,'Aberforth Dumbledore','Human','Male','Grey','Bright blue','','Goat','','');
INSERT INTO "character" VALUES(2,'Alastor Moody','Human','Male','Dark grey','One dark, one electric blue','','','',NULL);
INSERT INTO "character" VALUES(3,'Albus Percival Wulfric Brian Dumbledore','Human','Male','Silver, formerly auburn','Blue','15", Elder, Thestral tail hair core','Phoenix','','Unknown');
INSERT INTO "character" VALUES(4,'Alecto Carrow','Human','Female','Red','','','','',NULL);
INSERT INTO "character" VALUES(5,'Algie','Human','Male','','','','','',NULL);
INSERT INTO "character" VALUES(6,'Alice Longbottom','Human','Female','Blonde (possibly; formerly) White','','','','',NULL);
INSERT INTO "character" VALUES(7,'Alicia Spinnet','Human','Female','Black','Brown','','','',1);
INSERT INTO "character" VALUES(8,'Amelia Susan Bones','','Female','Grey','Navy Blue','','','',NULL);
INSERT INTO "character" VALUES(9,'Amos Diggory','Human','Male','Brown','Brown','','','',NULL);
INSERT INTO "character" VALUES(10,'Amycus Carrow','Human','Male','Black','','','','',NULL);
INSERT INTO "character" VALUES(11,'Andromeda Tonks','Human','Female','Light brown','Dark','','','',NULL);
INSERT INTO "character" VALUES(12,'Angelina Johnson','Human','Female','Black','Brown','','','',1);
INSERT INTO "character" VALUES(13,'Anthony Goldstein','Human','Male','Blond','','','','',3);
INSERT INTO "character" VALUES(14,'Antioch Peverell','Human','Male','Dark','','15", Elder, Thestral tail hair core','','',NULL);
INSERT INTO "character" VALUES(15,'Antonin Dolohov','Human','Male','Dark','Brown','','','',NULL);
INSERT INTO "character" VALUES(16,'Arabella Doreen Figg','Human','Female','Grizzled grey flyaway hair','','','','',NULL);
INSERT INTO "character" VALUES(17,'Aragog','Acromantula','Male','Brown','Black &amp; Grey/Milky-White (Blind)','','','',NULL);
INSERT INTO "character" VALUES(18,'Argus Filch','Human','Male','Grey','Pale','','','',NULL);
INSERT INTO "character" VALUES(19,'Ariana Dumbledore','Human','Female','Blonde','Brown','','','',NULL);
INSERT INTO "character" VALUES(20,'Arnold','Pygmy Puff','Male','Purple','','','','',NULL);
INSERT INTO "character" VALUES(21,'Arthur Weasley','Human','Male','Red','Blue','','Weasel','',1);
INSERT INTO "character" VALUES(22,'Augusta Longbottom','Human','Female','','','','','',NULL);
INSERT INTO "character" VALUES(23,'Augustus Rookwood','Human','Male','','','','','',NULL);
INSERT INTO "character" VALUES(24,'Bane','Centaur','Male','Black','','','','',NULL);
INSERT INTO "character" VALUES(25,'Bathilda Bagshot','Human','Female','White','','','','',NULL);
INSERT INTO "character" VALUES(26,'Bathsheda Babbling','Human','Female','','','Unknown','','','');
INSERT INTO "character" VALUES(27,'Beedle the Bard','Human','Male','','','','','',NULL);
INSERT INTO "character" VALUES(28,'Bellatrix Lestrange','Human','Female','Black','Brown','12¾", Walnut, dragon heartstring Unknown length, wood, and core','','',4);
INSERT INTO "character" VALUES(29,'Blaise Zabini','Human','Male','','Brown','','','',4);
INSERT INTO "character" VALUES(30,'Bob Ogden','Human','Male','','','','','',NULL);
INSERT INTO "character" VALUES(31,'Buckbeak','Hippogriff','Male','','Orange','','','',NULL);
INSERT INTO "character" VALUES(32,'Cadmus Peverell','Human','Male','Dark','','','','',NULL);
INSERT INTO "character" VALUES(33,'Cadogan','Human','Male','White','','Blackthorn and troll whisker, 9", combustible (according to legend)','','',NULL);
INSERT INTO "character" VALUES(34,'Cedric Diggory','Human','Male','Brown','Grey','12¼", Ash, unicorn hair','','','Unknown');
INSERT INTO "character" VALUES(35,'Charity Burbage','Human','Female','Blonde','','','','',NULL);
INSERT INTO "character" VALUES(36,'Charles Weasley','Human','Male','Red','Blue','12", Ash, unicorn tail hair (formerly) Unknown length, wood, and core','','',1);
INSERT INTO "character" VALUES(37,'Cho Chang','Human','Female','Black','Brown','Unknown','Swan','',3);
INSERT INTO "character" VALUES(38,'Colin Creevey','Human','Male','Mousy brown','Brown','','','',1);
INSERT INTO "character" VALUES(39,'Cormac McLaggen','Human','Male','Blond','Green','','','',1);
INSERT INTO "character" VALUES(40,'Cornelius Oswald Fudge','Human','Male','Grey','','','','',NULL);
INSERT INTO "character" VALUES(41,'Crookshanks','Half-cat/half-Kneazle','Male','Ginger','Orange','','','',NULL);
INSERT INTO "character" VALUES(42,'Cuthbert Binns','Ghost','Male','White (balding)','Black','','','',NULL);
INSERT INTO "character" VALUES(43,'Dean Thomas','Human','Male','Black','Brown','First wand, unknown Second wand, unknown','','',1);
INSERT INTO "character" VALUES(44,'Dedalus Diggle','Human','Male','White','','','','',NULL);
INSERT INTO "character" VALUES(45,'Dennis Creevey','Human','Male','Mousy brown','Brown','','','',1);
INSERT INTO "character" VALUES(46,'Dilys Derwent','Human','Female','Silver','','','','',NULL);
INSERT INTO "character" VALUES(47,'Dirk Cresswell','Human','Male','','','','','',NULL);
INSERT INTO "character" VALUES(48,'Dobby','House-elf','Male','','Tennis-ball green','','','',NULL);
INSERT INTO "character" VALUES(49,'Dolores Jane Umbridge','Human','Female','Mouse brown (formerly) Iron grey','Brown','8", Birch, dragon heartstring','Persian cat','',NULL);
INSERT INTO "character" VALUES(50,'Draco Lucius Malfoy','Human','Male','Blond','Grey','10", Hawthorn, unicorn hair','','',4);
INSERT INTO "character" VALUES(51,'Dudley Dursley','Human','Male','Blond','Blue','','','',NULL);
INSERT INTO "character" VALUES(52,'Edward Remus Lupin','Metamorphmagus','Male','Changeable,
Bright blue as of 2014','Changeable','','','',NULL);
INSERT INTO "character" VALUES(53,'Edward Tonks','','Male','Fair','','','','',NULL);
INSERT INTO "character" VALUES(54,'Elphias Doge','Human','Male','Silver','Grey/Blue','','','',NULL);
INSERT INTO "character" VALUES(55,'Emmeline Vance','Human','Female','Brown','','','','',NULL);
INSERT INTO "character" VALUES(56,'Enid','Human','Female','','','','','',NULL);
INSERT INTO "character" VALUES(57,'Ernest Macmillan','Human','Male','Blond','','unknown','Boar','',2);
INSERT INTO "character" VALUES(58,'Errol','Owl','Male','','','','','',NULL);
INSERT INTO "character" VALUES(59,'Everard','Human','Male','Black','','','','',NULL);
INSERT INTO "character" VALUES(60,'Fang','Boarhound','Male','Black','','','','',NULL);
INSERT INTO "character" VALUES(61,'Fawkes','Phoenix','Male','','Black','','','',NULL);
INSERT INTO "character" VALUES(62,'Fenrir Greyback','Werewolf','Male','Grey','Blue','Unknown','','',NULL);
INSERT INTO "character" VALUES(63,'Filius Flitwick','Human / Goblin','Male','White','','Unknown length, core and materials','Non-corporeal','',3);
INSERT INTO "character" VALUES(64,'Firenze','Centaur','Male','White-blond','"Astonishingly" blue','','','',NULL);
INSERT INTO "character" VALUES(65,'Fleur Isabelle Delacour','Quarter-Veela','Female','Silvery-blonde','Dark blue','9½", Rosewood, Veela hair core','','',NULL);
INSERT INTO "character" VALUES(66,'Fluffy','Three-headed dog','Male','Brown','Brown','','','',NULL);
INSERT INTO "character" VALUES(67,'Frank Bryce','Human','Male','White','Blue','','','',NULL);
INSERT INTO "character" VALUES(68,'Frank Longbottom','Human','Male','','','Unknown','','',NULL);
INSERT INTO "character" VALUES(69,'Fred Weasley','Human','Male','Red','Brown','Unknown length, wood, and core','','',1);
INSERT INTO "character" VALUES(70,'Fridwulfa','Giant','Female','','','','','',NULL);
INSERT INTO "character" VALUES(71,'Gabrielle Delacour','Quarter-Veela','Female','Silvery-blonde','Dark blue','','','',NULL);
INSERT INTO "character" VALUES(72,'Garrick Ollivander','Human','Male','White','Pale silver','Hornbeam, 12¾", dragon heartstring','','',3);
INSERT INTO "character" VALUES(73,'Gellert Grindelwald','Human','Male','Blond','','Gellert Grindelwald''s wand 15", Elder, Thestral tail hair core','','',NULL);
INSERT INTO "character" VALUES(74,'George Weasley','Human','Male','Red','Brown','Unknown length, wood, and core material','','',NULL);
INSERT INTO "character" VALUES(75,'Gilderoy Lockhart','Human','Male','Blond','Blue','Cherry and dragon heartstring, nine inches, slightly bendy','Non-corporeal','',NULL);
INSERT INTO "character" VALUES(76,'Ginevra Molly Weasley','Human','Female','Light Red','Bright brown','Unknown','Horse','',1);
INSERT INTO "character" VALUES(77,'Godric Gryffindor','Human','Male','Red','Green','','','',1);
INSERT INTO "character" VALUES(78,'Grawp','Giant','Male','Brown','Brown-green','','','',NULL);
INSERT INTO "character" VALUES(79,'Gregory Goyle','Human','Male','Brown','','Unknown length and materials','','',4);
INSERT INTO "character" VALUES(80,'Griphook','Goblin','Male','Silver','Yellow','','','',NULL);
INSERT INTO "character" VALUES(81,'Hannah Abbott','Human','Female','Blonde','Brown','','','',2);
INSERT INTO "character" VALUES(82,'Harry James Potter','Human','Male','Black','Bright Green','11", Holly, phoenix feather','Stag',NULL,1);
INSERT INTO "character" VALUES(83,'Hedwig','Snowy Owl','Female','','Amber','','','',NULL);
INSERT INTO "character" VALUES(84,'Helena Ravenclaw','Ghost','Female','Black','Grey','','','',NULL);
INSERT INTO "character" VALUES(85,'Helga Hufflepuff','Human','Female','Red','Blue','','','',2);
INSERT INTO "character" VALUES(86,'Hepzibah Smith','Human','Female','Ginger (wig)','Black','','','',NULL);
INSERT INTO "character" VALUES(87,'Hermes','Screech Owl','Male','','','','','',NULL);
INSERT INTO "character" VALUES(88,'Hermione Jean Granger','Human','Female','Brown','Brown','10¾",vine wood,dragon heartstring','Otter',NULL,1);
INSERT INTO "character" VALUES(89,'Horace E. F. Slughorn','Human','Male','Bald (formerly straw blond)','Gooseberry','Unknown','','',4);
INSERT INTO "character" VALUES(90,'Ignotus Peverell','Human','Male','Brown','','','','',NULL);
INSERT INTO "character" VALUES(91,'Igor Karkaroff','Human','Male','Silver (formerly black)','Blue','','','',NULL);
INSERT INTO "character" VALUES(92,'Irma Pince','Human','Female','Dark','Brown','','Non-corporeal','',NULL);
INSERT INTO "character" VALUES(93,'Jugson','Human','Male','Grey','Blue','','','',NULL);
INSERT INTO "character" VALUES(94,'Justin Finch-Fletchley','Human','Male','Blond','Brown','','','',2);
INSERT INTO "character" VALUES(95,'Katie Bell','Human','Female','Brown','','Unknown length, material and core','','',1);
INSERT INTO "character" VALUES(96,'Kendra Dumbledore','Human','Female','jet black','Dark','','','',NULL);
INSERT INTO "character" VALUES(97,'Kingsley Shacklebolt','Human','Male','Bald','Brown','Unknown','Lynx','',NULL);
INSERT INTO "character" VALUES(98,'Kreacher','House-elf','Male','White','Blueish','','','',NULL);
INSERT INTO "character" VALUES(99,'Lavender Brown','Human','Female','Dirty blonde','Brown','Unknown length, wood, and core','Non-corporeal','',1);
INSERT INTO "character" VALUES(100,'Lee Jordan','Human','Male','Black (dreadlocks)','Brown','','','',1);
INSERT INTO "character" VALUES(101,'Lily Luna Potter','Human','Female','Red','Bright brown','','','',NULL);
INSERT INTO "character" VALUES(102,'Lucius Malfoy II','Human','Male','Blond','Grey','18", elm, dragon heartstring (formerly) Unknown length, core, and wand wood','','',4);
INSERT INTO "character" VALUES(103,'Ludovic Bagman','Human','Male','Blond','Blue','','','',NULL);
INSERT INTO "character" VALUES(104,'Luna Lovegood','Human','Female','Dirty blonde','Silvery grey','Unknown Unknown','Hare','',3);
INSERT INTO "character" VALUES(105,'Magorian','Centaur','Male','','','','','',NULL);
INSERT INTO "character" VALUES(106,'Malkin','Human','Female','White','Blue','','','',NULL);
INSERT INTO "character" VALUES(107,'Marietta Edgecombe','Human','Female','Reddish-blonde','','','','',3);
INSERT INTO "character" VALUES(108,'Marvolo Gaunt','Human','Male','','Bright brown','','','',NULL);
INSERT INTO "character" VALUES(109,'Mary Elizabeth Cattermole','Human','Female','Dark','Dark Brown','Cherry, 8¾", unicorn hair','','',NULL);
INSERT INTO "character" VALUES(110,'Mary Riddle','Human','Female','','','','','',NULL);
INSERT INTO "character" VALUES(111,'Merope Gaunt','Human','Female','','Dark','Unknown length, wood and core materials','','',NULL);
INSERT INTO "character" VALUES(112,'Michael Corner','Human','Male','Black','Brown','','Squirrel','',3);
INSERT INTO "character" VALUES(113,'Millicent Bulstrode','Human','Female','Black','','','','',4);
INSERT INTO "character" VALUES(114,'Minerva McGonagall','Human','Female','Black','Green','Fir and dragon heartstring, nine and a half inches, stiff','Cat','Cat',1);
INSERT INTO "character" VALUES(115,'Molly Weasley','Human','Female','Red','Bright brown','','','',1);
INSERT INTO "character" VALUES(116,'Morfin Gaunt','Human','Male','Dark','Dark','Unknown','','',NULL);
INSERT INTO "character" VALUES(117,'Mr Goyle','Human','Male','','','','','',NULL);
INSERT INTO "character" VALUES(118,'Mrs Norris','Cat','Female','Dust-coloured fur','Yellow and lamp-like','','','',NULL);
INSERT INTO "character" VALUES(119,'Mundungus Fletcher','Human','Male','Ginger','Brown','Unknown components','Non-corporeal','',NULL);
INSERT INTO "character" VALUES(120,'Muriel','Human','Female','White','','','','',NULL);
INSERT INTO "character" VALUES(121,'Mykew Gregorovitch','Human','Male','White (formerly black)','Dark','Unknown wood, length and core 15", Elder, Thestral tail hair core','','',NULL);
INSERT INTO "character" VALUES(122,'Myrtle','Ghost','Female','Dark brown','','','','',NULL);
INSERT INTO "character" VALUES(123,'Nagini','Snake','','','','','','',NULL);
INSERT INTO "character" VALUES(124,'Narcissa Malfoy','Human','Female','Blonde','Blue','Unknown length, core and wand Unknown length, core and wand','','',4);
INSERT INTO "character" VALUES(125,'Neville Longbottom','Human','Male','Blond','','Father''s wand (formerly) 13", Cherry, unicorn hair','Non-corporeal','',1);
INSERT INTO "character" VALUES(126,'Newton Artemis Fido Scamander','Human','Male','White, formerly black','','','','',NULL);
INSERT INTO "character" VALUES(127,'Nicholas de Mimsy-Porpington','Ghost','Male','Grey','','','','',NULL);
INSERT INTO "character" VALUES(128,'Nicolas Flamel','Human','Male','Brown','Dark','','','',NULL);
INSERT INTO "character" VALUES(129,'Norberta','Dragon','Female','','','','','',NULL);
INSERT INTO "character" VALUES(130,'Nymphadora Tonks','Metamorphmagus','Female','Variable (generally Bubble gum pink; biologically light brown)','Variable (generally Dark, twinkling eyes)','Unknown','Jack Rabbit / Wolf ','',2);
INSERT INTO "character" VALUES(131,'Oliver Wood','Human','Male','Brown','Brown','Unknown','','',1);
INSERT INTO "character" VALUES(132,'Olympe Maxime','Half-giant','Female','Black','Brown','','','',NULL);
INSERT INTO "character" VALUES(133,'Padma Patil','Human','Female','Black','Dark brown','','','',3);
INSERT INTO "character" VALUES(134,'Pansy Parkinson','Human','Female','Brown','','','','',4);
INSERT INTO "character" VALUES(135,'Parvati Patil','Human','Female','Black','Dark brown','Unknown','','',1);
INSERT INTO "character" VALUES(136,'Peeves','Poltergeist','Male','Black','Black','','','',NULL);
INSERT INTO "character" VALUES(137,'Penelope Clearwater','Human','Female','Blonde','Blue','','','',3);
INSERT INTO "character" VALUES(138,'Percival Dumbledore','Human','Male','','Blue','','','',NULL);
INSERT INTO "character" VALUES(139,'Percy Ignatius Weasley','Human','Male','Red; greying and balding (as of 2014)..','Blue','Unknown','','',1);
INSERT INTO "character" VALUES(140,'Peter Pettigrew','Human','Male','Colourless and balding (formerly mousy brown)','Blue','Chestnut, 9¼", dragon heartstring Yew, 13½", phoenix feather','','Rat (unregistered)',NULL);
INSERT INTO "character" VALUES(141,'Peter Pettigrew','Human','Male','Colourless and balding (formerly mousy brown)','Blue','Chestnut, 9¼", dragon heartstring Yew, 13½", phoenix feather','','Rat (unregistered)',NULL);
INSERT INTO "character" VALUES(142,'Petunia Dursley','Human','Female','Blonde','','','','',NULL);
INSERT INTO "character" VALUES(143,'Pigwidgeon','Scops Owl','Male','','','','','',NULL);
INSERT INTO "character" VALUES(144,'Pius Thicknesse','Human','Male','Black and silver','','Unknown length, core and wood','','',NULL);
INSERT INTO "character" VALUES(145,'Pomona Sprout','Human','Female','Grey','Brown','Unknown length, wood and core materials','Non-corporeal','',NULL);
INSERT INTO "character" VALUES(146,'Poppy Pomfrey','Human','Female','Grey','Blue','Unknown','Non-corporeal','',NULL);
INSERT INTO "character" VALUES(147,'Quirinus Quirrell','Human','Male','Bald','Pale blue','Alder, 9", unicorn hair, bendy','Non-corporeal','',NULL);
INSERT INTO "character" VALUES(148,'Rabastan Lestrange','Human','Male','','','','','',NULL);
INSERT INTO "character" VALUES(149,'Reginald Cattermole','Human','Male','Greyish/Red','Green','','','',NULL);
INSERT INTO "character" VALUES(150,'Regulus Arcturus Black','Human','Male','Black','','','','',4);
INSERT INTO "character" VALUES(151,'Remus John Lupin','Werewolf','Male','Light brown flecked with grey','Green','10¼", Cypress, unicorn hair','Wolf','',NULL);
INSERT INTO "character" VALUES(152,'Rita Skeeter','Human','Female','Blonde','Green','','','Beetle (unregistered)',NULL);
INSERT INTO "character" VALUES(153,'Rodolphus Lestrange','Human','Male','Dark','','','','',4);
INSERT INTO "character" VALUES(154,'Rolanda Hooch','Human','Female','Grey','Yellow','Unknown length, core and materials','Non-corporeal','',NULL);
INSERT INTO "character" VALUES(155,'Romilda Vane','Human','Female','Black','Dark','','','',1);
INSERT INTO "character" VALUES(156,'Ronald Bilius Weasley','Human','Male','Red','Blue','12", Ash, unicorn tail hair 14", Willow, unicorn tail hair 9¼", Chestnut, Dragon heartstring','Jack Russell Terrier','',1);
INSERT INTO "character" VALUES(157,'Rosmerta','','Female','','Green','','Non-corporeal','',NULL);
INSERT INTO "character" VALUES(158,'Rowena Ravenclaw','Human','Female','Black','Dark','','','',NULL);
INSERT INTO "character" VALUES(159,'Rubeus Hagrid','Half-giant','Male','Black','Black','Oak, 16", (Broken in third year - repaired and kept in a pink umbrella)','','',NULL);
INSERT INTO "character" VALUES(160,'Rufus Scrimgeour','Human','Male','Tawny','Yellowish','Unknown wood and core materials','','',NULL);
INSERT INTO "character" VALUES(161,'Salazar Slytherin','Human','Male','Grey','Grey','','','',4);
INSERT INTO "character" VALUES(162,'Scabior','Human','Male','Brown with red streak','Grey/Blue','Unknown','','',NULL);
INSERT INTO "character" VALUES(163,'Seamus Finnigan','Human','Male','Sandy','Blue','Unknown','Fox','',1);
INSERT INTO "character" VALUES(164,'Selwyn','Human','Male','','','','','',NULL);
INSERT INTO "character" VALUES(165,'Septima Vector','Human','Female','Dark brown','Brown','','Non-corporeal','',NULL);
INSERT INTO "character" VALUES(166,'Severus Snape','Human','Male','Black','Black','Unknown','Doe','',4);
INSERT INTO "character" VALUES(167,'Sirius Black','Human','Male','Black','Grey','Unknown length, wood, and core','','Black dog (unregistered)',NULL);
INSERT INTO "character" VALUES(168,'Stanley Shunpike','Human','Male','','','','','',NULL);
INSERT INTO "character" VALUES(169,'Sturgis Podmore','Human','Male','Straw-coloured','','','','',NULL);
INSERT INTO "character" VALUES(170,'Susan Bones','Human','Female','Red','Brown','','','',NULL);
INSERT INTO "character" VALUES(171,'Sybill Patricia Trelawney','Human','Female','Brown','Dark green','Hazel and unicorn hair, 9½ inches, very flexible','Non-corporeal','',NULL);
INSERT INTO "character" VALUES(172,'Terry Boot','Human','Male','Brown','','','','',3);
INSERT INTO "character" VALUES(173,'The Bloody Baron','Ghost','Male','','','','','',NULL);
INSERT INTO "character" VALUES(174,'The Fat Friar','Ghost','Male','Brown (tonsured)','','','','',NULL);
INSERT INTO "character" VALUES(175,'The Fat Lady','Portrait','Female','Black','','','','',1);
INSERT INTO "character" VALUES(176,'Theodore Nott','Human','Male','','','','','',4);
INSERT INTO "character" VALUES(177,'Thomas Riddle','Human','Male','','','','','',NULL);
INSERT INTO "character" VALUES(178,'Tiberius Ogden','Human','Male','','','','','',NULL);
INSERT INTO "character" VALUES(179,'Tom Marvolo Riddle','Human','Male','Bald (formerly black)','Red (formerly dark)','13½", Yew, phoenix feather core 18", Elm, dragon heartstring (temporary) 15", Elder, Thestral tail hair core','','',4);
INSERT INTO "character" VALUES(180,'Tom Marvolo Riddle','Human','Male','Bald (formerly black)','Red (formerly dark)','13½", Yew, phoenix feather core 18", Elm, dragon heartstring (temporary) 15", Elder, Thestral tail hair core','','',4);
INSERT INTO "character" VALUES(181,'Tom Riddle Senior','Human','Male','Jet black','Dark','','','',NULL);
INSERT INTO "character" VALUES(182,'Trevor','Toad','Male','','Black','','','',NULL);
INSERT INTO "character" VALUES(183,'Vernon Dursley','Human','Male','Red (formerly) Grey White','Blue','','','',NULL);
INSERT INTO "character" VALUES(184,'Viktor Krum','Human','Male','Dark','Black','10¼", Hornbeam, dragon heartstring','','',NULL);
INSERT INTO "character" VALUES(185,'Vincent Crabbe','Human','Male','Black','Black','Unknown length, wood, and core','','',4);
INSERT INTO "character" VALUES(186,'Wilhelmina Grubbly-Plank','Human','Female','Grey','','','','',NULL);
INSERT INTO "character" VALUES(187,'William Arthur Weasley','Werewolf','Male','Red','Blue','unknown length, wood, and core material','','',1);
INSERT INTO "character" VALUES(188,'Winky','House-Elf','Female','Brown','Brown','','','',NULL);
INSERT INTO "character" VALUES(189,'Xenophilius Lovegood','Human','Male','White','','unknown','','',NULL);
INSERT INTO "character" VALUES(190,'Yaxley','Human','Male','Blond','Blue','','','',NULL);
INSERT INTO "character" VALUES(191,'Zacharias Smith','Human','Male','Blond','Brown','','','',2);
CREATE TABLE house_value (
	value_id INTEGER, 
	house_id INTEGER, 
	FOREIGN KEY(value_id) REFERENCES value (value_id), 
	FOREIGN KEY(house_id) REFERENCES house (house_id)
);
INSERT INTO "house_value" VALUES(4,1);
INSERT INTO "house_value" VALUES(2,1);
INSERT INTO "house_value" VALUES(3,1);
INSERT INTO "house_value" VALUES(13,1);
INSERT INTO "house_value" VALUES(7,2);
INSERT INTO "house_value" VALUES(9,2);
INSERT INTO "house_value" VALUES(12,2);
INSERT INTO "house_value" VALUES(14,2);
INSERT INTO "house_value" VALUES(5,3);
INSERT INTO "house_value" VALUES(8,3);
INSERT INTO "house_value" VALUES(11,3);
INSERT INTO "house_value" VALUES(16,3);
INSERT INTO "house_value" VALUES(1,4);
INSERT INTO "house_value" VALUES(6,4);
INSERT INTO "house_value" VALUES(10,4);
INSERT INTO "house_value" VALUES(15,4);
CREATE TABLE "character_in_book" (
	character_id	INTEGER,
	book_id	INTEGER
);
INSERT INTO "character_in_book" VALUES(1,4);
INSERT INTO "character_in_book" VALUES(1,5);
INSERT INTO "character_in_book" VALUES(1,6);
INSERT INTO "character_in_book" VALUES(1,7);
INSERT INTO "character_in_book" VALUES(2,4);
INSERT INTO "character_in_book" VALUES(2,5);
INSERT INTO "character_in_book" VALUES(2,6);
INSERT INTO "character_in_book" VALUES(2,7);
INSERT INTO "character_in_book" VALUES(3,1);
INSERT INTO "character_in_book" VALUES(3,2);
INSERT INTO "character_in_book" VALUES(3,3);
INSERT INTO "character_in_book" VALUES(3,4);
INSERT INTO "character_in_book" VALUES(3,5);
INSERT INTO "character_in_book" VALUES(3,6);
INSERT INTO "character_in_book" VALUES(3,7);
INSERT INTO "character_in_book" VALUES(4,6);
INSERT INTO "character_in_book" VALUES(4,7);
INSERT INTO "character_in_book" VALUES(5,1);
INSERT INTO "character_in_book" VALUES(5,5);
INSERT INTO "character_in_book" VALUES(6,4);
INSERT INTO "character_in_book" VALUES(6,5);
INSERT INTO "character_in_book" VALUES(6,6);
INSERT INTO "character_in_book" VALUES(6,7);
INSERT INTO "character_in_book" VALUES(7,1);
INSERT INTO "character_in_book" VALUES(7,2);
INSERT INTO "character_in_book" VALUES(7,3);
INSERT INTO "character_in_book" VALUES(7,4);
INSERT INTO "character_in_book" VALUES(7,5);
INSERT INTO "character_in_book" VALUES(7,6);
INSERT INTO "character_in_book" VALUES(7,7);
INSERT INTO "character_in_book" VALUES(8,5);
INSERT INTO "character_in_book" VALUES(8,6);
INSERT INTO "character_in_book" VALUES(9,4);
INSERT INTO "character_in_book" VALUES(10,5);
INSERT INTO "character_in_book" VALUES(10,7);
INSERT INTO "character_in_book" VALUES(11,5);
INSERT INTO "character_in_book" VALUES(11,7);
INSERT INTO "character_in_book" VALUES(12,1);
INSERT INTO "character_in_book" VALUES(12,2);
INSERT INTO "character_in_book" VALUES(12,3);
INSERT INTO "character_in_book" VALUES(12,4);
INSERT INTO "character_in_book" VALUES(12,5);
INSERT INTO "character_in_book" VALUES(12,6);
INSERT INTO "character_in_book" VALUES(12,7);
INSERT INTO "character_in_book" VALUES(13,5);
INSERT INTO "character_in_book" VALUES(13,7);
INSERT INTO "character_in_book" VALUES(14,7);
INSERT INTO "character_in_book" VALUES(15,4);
INSERT INTO "character_in_book" VALUES(15,5);
INSERT INTO "character_in_book" VALUES(15,6);
INSERT INTO "character_in_book" VALUES(15,7);
INSERT INTO "character_in_book" VALUES(16,1);
INSERT INTO "character_in_book" VALUES(16,4);
INSERT INTO "character_in_book" VALUES(16,5);
INSERT INTO "character_in_book" VALUES(16,6);
INSERT INTO "character_in_book" VALUES(17,2);
INSERT INTO "character_in_book" VALUES(17,5);
INSERT INTO "character_in_book" VALUES(17,6);
INSERT INTO "character_in_book" VALUES(17,7);
INSERT INTO "character_in_book" VALUES(18,1);
INSERT INTO "character_in_book" VALUES(18,2);
INSERT INTO "character_in_book" VALUES(18,3);
INSERT INTO "character_in_book" VALUES(18,4);
INSERT INTO "character_in_book" VALUES(18,5);
INSERT INTO "character_in_book" VALUES(18,6);
INSERT INTO "character_in_book" VALUES(18,7);
INSERT INTO "character_in_book" VALUES(19,7);
INSERT INTO "character_in_book" VALUES(20,6);
INSERT INTO "character_in_book" VALUES(21,1);
INSERT INTO "character_in_book" VALUES(21,2);
INSERT INTO "character_in_book" VALUES(21,3);
INSERT INTO "character_in_book" VALUES(21,4);
INSERT INTO "character_in_book" VALUES(21,5);
INSERT INTO "character_in_book" VALUES(21,6);
INSERT INTO "character_in_book" VALUES(21,7);
INSERT INTO "character_in_book" VALUES(22,1);
INSERT INTO "character_in_book" VALUES(22,2);
INSERT INTO "character_in_book" VALUES(22,3);
INSERT INTO "character_in_book" VALUES(22,4);
INSERT INTO "character_in_book" VALUES(22,5);
INSERT INTO "character_in_book" VALUES(22,6);
INSERT INTO "character_in_book" VALUES(22,7);
INSERT INTO "character_in_book" VALUES(23,4);
INSERT INTO "character_in_book" VALUES(23,5);
INSERT INTO "character_in_book" VALUES(23,7);
INSERT INTO "character_in_book" VALUES(24,1);
INSERT INTO "character_in_book" VALUES(24,5);
INSERT INTO "character_in_book" VALUES(24,7);
INSERT INTO "character_in_book" VALUES(25,1);
INSERT INTO "character_in_book" VALUES(25,3);
INSERT INTO "character_in_book" VALUES(25,7);
INSERT INTO "character_in_book" VALUES(28,4);
INSERT INTO "character_in_book" VALUES(28,5);
INSERT INTO "character_in_book" VALUES(28,6);
INSERT INTO "character_in_book" VALUES(28,7);
INSERT INTO "character_in_book" VALUES(29,1);
INSERT INTO "character_in_book" VALUES(29,6);
INSERT INTO "character_in_book" VALUES(30,6);
INSERT INTO "character_in_book" VALUES(30,7);
INSERT INTO "character_in_book" VALUES(31,3);
INSERT INTO "character_in_book" VALUES(31,4);
INSERT INTO "character_in_book" VALUES(31,5);
INSERT INTO "character_in_book" VALUES(31,6);
INSERT INTO "character_in_book" VALUES(31,7);
INSERT INTO "character_in_book" VALUES(32,7);
INSERT INTO "character_in_book" VALUES(33,3);
INSERT INTO "character_in_book" VALUES(33,4);
INSERT INTO "character_in_book" VALUES(33,5);
INSERT INTO "character_in_book" VALUES(33,7);
INSERT INTO "character_in_book" VALUES(34,3);
INSERT INTO "character_in_book" VALUES(34,4);
INSERT INTO "character_in_book" VALUES(34,5);
INSERT INTO "character_in_book" VALUES(34,6);
INSERT INTO "character_in_book" VALUES(34,7);
INSERT INTO "character_in_book" VALUES(35,7);
INSERT INTO "character_in_book" VALUES(36,1);
INSERT INTO "character_in_book" VALUES(36,2);
INSERT INTO "character_in_book" VALUES(36,3);
INSERT INTO "character_in_book" VALUES(36,4);
INSERT INTO "character_in_book" VALUES(36,5);
INSERT INTO "character_in_book" VALUES(36,6);
INSERT INTO "character_in_book" VALUES(36,7);
INSERT INTO "character_in_book" VALUES(37,3);
INSERT INTO "character_in_book" VALUES(37,4);
INSERT INTO "character_in_book" VALUES(37,5);
INSERT INTO "character_in_book" VALUES(37,6);
INSERT INTO "character_in_book" VALUES(37,7);
INSERT INTO "character_in_book" VALUES(38,2);
INSERT INTO "character_in_book" VALUES(38,3);
INSERT INTO "character_in_book" VALUES(38,4);
INSERT INTO "character_in_book" VALUES(38,5);
INSERT INTO "character_in_book" VALUES(38,6);
INSERT INTO "character_in_book" VALUES(38,7);
INSERT INTO "character_in_book" VALUES(39,6);
INSERT INTO "character_in_book" VALUES(40,1);
INSERT INTO "character_in_book" VALUES(40,2);
INSERT INTO "character_in_book" VALUES(40,3);
INSERT INTO "character_in_book" VALUES(40,4);
INSERT INTO "character_in_book" VALUES(40,5);
INSERT INTO "character_in_book" VALUES(40,6);
INSERT INTO "character_in_book" VALUES(40,7);
INSERT INTO "character_in_book" VALUES(41,3);
INSERT INTO "character_in_book" VALUES(41,4);
INSERT INTO "character_in_book" VALUES(41,5);
INSERT INTO "character_in_book" VALUES(41,6);
INSERT INTO "character_in_book" VALUES(41,7);
INSERT INTO "character_in_book" VALUES(42,1);
INSERT INTO "character_in_book" VALUES(42,2);
INSERT INTO "character_in_book" VALUES(42,3);
INSERT INTO "character_in_book" VALUES(42,4);
INSERT INTO "character_in_book" VALUES(42,5);
INSERT INTO "character_in_book" VALUES(42,7);
INSERT INTO "character_in_book" VALUES(43,1);
INSERT INTO "character_in_book" VALUES(43,2);
INSERT INTO "character_in_book" VALUES(43,3);
INSERT INTO "character_in_book" VALUES(43,4);
INSERT INTO "character_in_book" VALUES(43,5);
INSERT INTO "character_in_book" VALUES(43,6);
INSERT INTO "character_in_book" VALUES(43,7);
INSERT INTO "character_in_book" VALUES(44,1);
INSERT INTO "character_in_book" VALUES(44,5);
INSERT INTO "character_in_book" VALUES(44,7);
INSERT INTO "character_in_book" VALUES(45,4);
INSERT INTO "character_in_book" VALUES(45,5);
INSERT INTO "character_in_book" VALUES(45,6);
INSERT INTO "character_in_book" VALUES(46,5);
INSERT INTO "character_in_book" VALUES(46,7);
INSERT INTO "character_in_book" VALUES(47,6);
INSERT INTO "character_in_book" VALUES(47,7);
INSERT INTO "character_in_book" VALUES(48,2);
INSERT INTO "character_in_book" VALUES(48,3);
INSERT INTO "character_in_book" VALUES(48,4);
INSERT INTO "character_in_book" VALUES(48,5);
INSERT INTO "character_in_book" VALUES(48,6);
INSERT INTO "character_in_book" VALUES(48,7);
INSERT INTO "character_in_book" VALUES(49,5);
INSERT INTO "character_in_book" VALUES(49,6);
INSERT INTO "character_in_book" VALUES(49,7);
INSERT INTO "character_in_book" VALUES(50,1);
INSERT INTO "character_in_book" VALUES(50,2);
INSERT INTO "character_in_book" VALUES(50,3);
INSERT INTO "character_in_book" VALUES(50,4);
INSERT INTO "character_in_book" VALUES(50,5);
INSERT INTO "character_in_book" VALUES(50,6);
INSERT INTO "character_in_book" VALUES(50,7);
INSERT INTO "character_in_book" VALUES(51,1);
INSERT INTO "character_in_book" VALUES(51,2);
INSERT INTO "character_in_book" VALUES(51,3);
INSERT INTO "character_in_book" VALUES(51,4);
INSERT INTO "character_in_book" VALUES(51,5);
INSERT INTO "character_in_book" VALUES(51,6);
INSERT INTO "character_in_book" VALUES(51,7);
INSERT INTO "character_in_book" VALUES(52,7);
INSERT INTO "character_in_book" VALUES(53,5);
INSERT INTO "character_in_book" VALUES(53,7);
INSERT INTO "character_in_book" VALUES(54,5);
INSERT INTO "character_in_book" VALUES(54,7);
INSERT INTO "character_in_book" VALUES(55,6);
INSERT INTO "character_in_book" VALUES(55,7);
INSERT INTO "character_in_book" VALUES(56,1);
INSERT INTO "character_in_book" VALUES(57,2);
INSERT INTO "character_in_book" VALUES(57,3);
INSERT INTO "character_in_book" VALUES(57,4);
INSERT INTO "character_in_book" VALUES(57,5);
INSERT INTO "character_in_book" VALUES(57,6);
INSERT INTO "character_in_book" VALUES(57,7);
INSERT INTO "character_in_book" VALUES(58,2);
INSERT INTO "character_in_book" VALUES(58,3);
INSERT INTO "character_in_book" VALUES(58,4);
INSERT INTO "character_in_book" VALUES(59,5);
INSERT INTO "character_in_book" VALUES(59,6);
INSERT INTO "character_in_book" VALUES(60,1);
INSERT INTO "character_in_book" VALUES(60,2);
INSERT INTO "character_in_book" VALUES(60,3);
INSERT INTO "character_in_book" VALUES(60,4);
INSERT INTO "character_in_book" VALUES(60,5);
INSERT INTO "character_in_book" VALUES(60,6);
INSERT INTO "character_in_book" VALUES(60,7);
INSERT INTO "character_in_book" VALUES(61,1);
INSERT INTO "character_in_book" VALUES(61,2);
INSERT INTO "character_in_book" VALUES(61,4);
INSERT INTO "character_in_book" VALUES(61,5);
INSERT INTO "character_in_book" VALUES(61,6);
INSERT INTO "character_in_book" VALUES(61,7);
INSERT INTO "character_in_book" VALUES(62,6);
INSERT INTO "character_in_book" VALUES(62,7);
INSERT INTO "character_in_book" VALUES(63,1);
INSERT INTO "character_in_book" VALUES(63,2);
INSERT INTO "character_in_book" VALUES(63,3);
INSERT INTO "character_in_book" VALUES(63,4);
INSERT INTO "character_in_book" VALUES(63,5);
INSERT INTO "character_in_book" VALUES(63,6);
INSERT INTO "character_in_book" VALUES(63,7);
INSERT INTO "character_in_book" VALUES(64,1);
INSERT INTO "character_in_book" VALUES(64,5);
INSERT INTO "character_in_book" VALUES(64,6);
INSERT INTO "character_in_book" VALUES(64,7);
INSERT INTO "character_in_book" VALUES(65,4);
INSERT INTO "character_in_book" VALUES(65,5);
INSERT INTO "character_in_book" VALUES(65,6);
INSERT INTO "character_in_book" VALUES(65,7);
INSERT INTO "character_in_book" VALUES(66,1);
INSERT INTO "character_in_book" VALUES(67,4);
INSERT INTO "character_in_book" VALUES(67,6);
INSERT INTO "character_in_book" VALUES(68,4);
INSERT INTO "character_in_book" VALUES(68,5);
INSERT INTO "character_in_book" VALUES(68,6);
INSERT INTO "character_in_book" VALUES(68,7);
INSERT INTO "character_in_book" VALUES(69,1);
INSERT INTO "character_in_book" VALUES(69,2);
INSERT INTO "character_in_book" VALUES(69,3);
INSERT INTO "character_in_book" VALUES(69,4);
INSERT INTO "character_in_book" VALUES(69,5);
INSERT INTO "character_in_book" VALUES(69,6);
INSERT INTO "character_in_book" VALUES(69,7);
INSERT INTO "character_in_book" VALUES(70,4);
INSERT INTO "character_in_book" VALUES(70,5);
INSERT INTO "character_in_book" VALUES(71,4);
INSERT INTO "character_in_book" VALUES(71,5);
INSERT INTO "character_in_book" VALUES(71,6);
INSERT INTO "character_in_book" VALUES(71,7);
INSERT INTO "character_in_book" VALUES(72,1);
INSERT INTO "character_in_book" VALUES(72,4);
INSERT INTO "character_in_book" VALUES(72,6);
INSERT INTO "character_in_book" VALUES(72,7);
INSERT INTO "character_in_book" VALUES(73,7);
INSERT INTO "character_in_book" VALUES(74,1);
INSERT INTO "character_in_book" VALUES(74,2);
INSERT INTO "character_in_book" VALUES(74,3);
INSERT INTO "character_in_book" VALUES(74,4);
INSERT INTO "character_in_book" VALUES(74,5);
INSERT INTO "character_in_book" VALUES(74,6);
INSERT INTO "character_in_book" VALUES(74,7);
INSERT INTO "character_in_book" VALUES(75,2);
INSERT INTO "character_in_book" VALUES(75,3);
INSERT INTO "character_in_book" VALUES(75,4);
INSERT INTO "character_in_book" VALUES(75,5);
INSERT INTO "character_in_book" VALUES(75,6);
INSERT INTO "character_in_book" VALUES(75,7);
INSERT INTO "character_in_book" VALUES(76,1);
INSERT INTO "character_in_book" VALUES(76,2);
INSERT INTO "character_in_book" VALUES(76,3);
INSERT INTO "character_in_book" VALUES(76,4);
INSERT INTO "character_in_book" VALUES(76,5);
INSERT INTO "character_in_book" VALUES(76,6);
INSERT INTO "character_in_book" VALUES(76,7);
INSERT INTO "character_in_book" VALUES(78,5);
INSERT INTO "character_in_book" VALUES(78,6);
INSERT INTO "character_in_book" VALUES(78,7);
INSERT INTO "character_in_book" VALUES(79,1);
INSERT INTO "character_in_book" VALUES(79,2);
INSERT INTO "character_in_book" VALUES(79,3);
INSERT INTO "character_in_book" VALUES(79,4);
INSERT INTO "character_in_book" VALUES(79,5);
INSERT INTO "character_in_book" VALUES(79,6);
INSERT INTO "character_in_book" VALUES(79,7);
INSERT INTO "character_in_book" VALUES(80,1);
INSERT INTO "character_in_book" VALUES(80,7);
INSERT INTO "character_in_book" VALUES(81,1);
INSERT INTO "character_in_book" VALUES(81,2);
INSERT INTO "character_in_book" VALUES(81,3);
INSERT INTO "character_in_book" VALUES(81,4);
INSERT INTO "character_in_book" VALUES(81,5);
INSERT INTO "character_in_book" VALUES(81,6);
INSERT INTO "character_in_book" VALUES(81,7);
INSERT INTO "character_in_book" VALUES(82,1);
INSERT INTO "character_in_book" VALUES(82,2);
INSERT INTO "character_in_book" VALUES(82,3);
INSERT INTO "character_in_book" VALUES(82,4);
INSERT INTO "character_in_book" VALUES(82,5);
INSERT INTO "character_in_book" VALUES(82,6);
INSERT INTO "character_in_book" VALUES(82,7);
INSERT INTO "character_in_book" VALUES(83,1);
INSERT INTO "character_in_book" VALUES(83,2);
INSERT INTO "character_in_book" VALUES(83,3);
INSERT INTO "character_in_book" VALUES(83,4);
INSERT INTO "character_in_book" VALUES(83,5);
INSERT INTO "character_in_book" VALUES(83,6);
INSERT INTO "character_in_book" VALUES(83,7);
INSERT INTO "character_in_book" VALUES(84,1);
INSERT INTO "character_in_book" VALUES(84,6);
INSERT INTO "character_in_book" VALUES(84,7);
INSERT INTO "character_in_book" VALUES(85,2);
INSERT INTO "character_in_book" VALUES(85,3);
INSERT INTO "character_in_book" VALUES(85,4);
INSERT INTO "character_in_book" VALUES(85,5);
INSERT INTO "character_in_book" VALUES(85,6);
INSERT INTO "character_in_book" VALUES(85,7);
INSERT INTO "character_in_book" VALUES(86,6);
INSERT INTO "character_in_book" VALUES(86,7);
INSERT INTO "character_in_book" VALUES(87,1);
INSERT INTO "character_in_book" VALUES(87,2);
INSERT INTO "character_in_book" VALUES(87,3);
INSERT INTO "character_in_book" VALUES(87,4);
INSERT INTO "character_in_book" VALUES(87,5);
INSERT INTO "character_in_book" VALUES(88,1);
INSERT INTO "character_in_book" VALUES(88,2);
INSERT INTO "character_in_book" VALUES(88,3);
INSERT INTO "character_in_book" VALUES(88,4);
INSERT INTO "character_in_book" VALUES(88,5);
INSERT INTO "character_in_book" VALUES(88,6);
INSERT INTO "character_in_book" VALUES(88,7);
INSERT INTO "character_in_book" VALUES(89,6);
INSERT INTO "character_in_book" VALUES(89,7);
INSERT INTO "character_in_book" VALUES(90,7);
INSERT INTO "character_in_book" VALUES(91,4);
INSERT INTO "character_in_book" VALUES(91,5);
INSERT INTO "character_in_book" VALUES(91,6);
INSERT INTO "character_in_book" VALUES(91,7);
INSERT INTO "character_in_book" VALUES(92,1);
INSERT INTO "character_in_book" VALUES(92,2);
INSERT INTO "character_in_book" VALUES(92,3);
INSERT INTO "character_in_book" VALUES(92,4);
INSERT INTO "character_in_book" VALUES(92,5);
INSERT INTO "character_in_book" VALUES(92,6);
INSERT INTO "character_in_book" VALUES(93,5);
INSERT INTO "character_in_book" VALUES(94,1);
INSERT INTO "character_in_book" VALUES(94,2);
INSERT INTO "character_in_book" VALUES(94,3);
INSERT INTO "character_in_book" VALUES(94,4);
INSERT INTO "character_in_book" VALUES(94,5);
INSERT INTO "character_in_book" VALUES(95,1);
INSERT INTO "character_in_book" VALUES(95,2);
INSERT INTO "character_in_book" VALUES(95,3);
INSERT INTO "character_in_book" VALUES(95,4);
INSERT INTO "character_in_book" VALUES(95,5);
INSERT INTO "character_in_book" VALUES(95,6);
INSERT INTO "character_in_book" VALUES(95,7);
INSERT INTO "character_in_book" VALUES(96,7);
INSERT INTO "character_in_book" VALUES(97,5);
INSERT INTO "character_in_book" VALUES(97,6);
INSERT INTO "character_in_book" VALUES(97,7);
INSERT INTO "character_in_book" VALUES(98,5);
INSERT INTO "character_in_book" VALUES(98,6);
INSERT INTO "character_in_book" VALUES(98,7);
INSERT INTO "character_in_book" VALUES(99,1);
INSERT INTO "character_in_book" VALUES(99,2);
INSERT INTO "character_in_book" VALUES(99,3);
INSERT INTO "character_in_book" VALUES(99,4);
INSERT INTO "character_in_book" VALUES(99,5);
INSERT INTO "character_in_book" VALUES(99,6);
INSERT INTO "character_in_book" VALUES(99,7);
INSERT INTO "character_in_book" VALUES(100,1);
INSERT INTO "character_in_book" VALUES(100,2);
INSERT INTO "character_in_book" VALUES(100,3);
INSERT INTO "character_in_book" VALUES(100,4);
INSERT INTO "character_in_book" VALUES(100,5);
INSERT INTO "character_in_book" VALUES(100,6);
INSERT INTO "character_in_book" VALUES(100,7);
INSERT INTO "character_in_book" VALUES(101,7);
INSERT INTO "character_in_book" VALUES(102,1);
INSERT INTO "character_in_book" VALUES(102,2);
INSERT INTO "character_in_book" VALUES(102,3);
INSERT INTO "character_in_book" VALUES(102,4);
INSERT INTO "character_in_book" VALUES(102,5);
INSERT INTO "character_in_book" VALUES(102,6);
INSERT INTO "character_in_book" VALUES(102,7);
INSERT INTO "character_in_book" VALUES(103,4);
INSERT INTO "character_in_book" VALUES(103,5);
INSERT INTO "character_in_book" VALUES(104,5);
INSERT INTO "character_in_book" VALUES(104,6);
INSERT INTO "character_in_book" VALUES(104,7);
INSERT INTO "character_in_book" VALUES(105,5);
INSERT INTO "character_in_book" VALUES(105,7);
INSERT INTO "character_in_book" VALUES(106,1);
INSERT INTO "character_in_book" VALUES(106,3);
INSERT INTO "character_in_book" VALUES(106,5);
INSERT INTO "character_in_book" VALUES(106,6);
INSERT INTO "character_in_book" VALUES(106,7);
INSERT INTO "character_in_book" VALUES(107,5);
INSERT INTO "character_in_book" VALUES(107,6);
INSERT INTO "character_in_book" VALUES(108,2);
INSERT INTO "character_in_book" VALUES(108,6);
INSERT INTO "character_in_book" VALUES(108,7);
INSERT INTO "character_in_book" VALUES(109,7);
INSERT INTO "character_in_book" VALUES(110,4);
INSERT INTO "character_in_book" VALUES(110,6);
INSERT INTO "character_in_book" VALUES(111,4);
INSERT INTO "character_in_book" VALUES(111,5);
INSERT INTO "character_in_book" VALUES(111,6);
INSERT INTO "character_in_book" VALUES(111,7);
INSERT INTO "character_in_book" VALUES(112,5);
INSERT INTO "character_in_book" VALUES(112,6);
INSERT INTO "character_in_book" VALUES(112,7);
INSERT INTO "character_in_book" VALUES(113,1);
INSERT INTO "character_in_book" VALUES(113,2);
INSERT INTO "character_in_book" VALUES(113,5);
INSERT INTO "character_in_book" VALUES(114,1);
INSERT INTO "character_in_book" VALUES(114,2);
INSERT INTO "character_in_book" VALUES(114,3);
INSERT INTO "character_in_book" VALUES(114,4);
INSERT INTO "character_in_book" VALUES(114,5);
INSERT INTO "character_in_book" VALUES(114,6);
INSERT INTO "character_in_book" VALUES(114,7);
INSERT INTO "character_in_book" VALUES(115,1);
INSERT INTO "character_in_book" VALUES(115,2);
INSERT INTO "character_in_book" VALUES(115,3);
INSERT INTO "character_in_book" VALUES(115,4);
INSERT INTO "character_in_book" VALUES(115,5);
INSERT INTO "character_in_book" VALUES(115,6);
INSERT INTO "character_in_book" VALUES(115,7);
INSERT INTO "character_in_book" VALUES(116,6);
INSERT INTO "character_in_book" VALUES(116,7);
INSERT INTO "character_in_book" VALUES(117,4);
INSERT INTO "character_in_book" VALUES(118,1);
INSERT INTO "character_in_book" VALUES(118,2);
INSERT INTO "character_in_book" VALUES(118,3);
INSERT INTO "character_in_book" VALUES(118,4);
INSERT INTO "character_in_book" VALUES(118,5);
INSERT INTO "character_in_book" VALUES(118,6);
INSERT INTO "character_in_book" VALUES(118,7);
INSERT INTO "character_in_book" VALUES(119,2);
INSERT INTO "character_in_book" VALUES(119,4);
INSERT INTO "character_in_book" VALUES(119,5);
INSERT INTO "character_in_book" VALUES(119,6);
INSERT INTO "character_in_book" VALUES(119,7);
INSERT INTO "character_in_book" VALUES(120,6);
INSERT INTO "character_in_book" VALUES(120,7);
INSERT INTO "character_in_book" VALUES(121,4);
INSERT INTO "character_in_book" VALUES(121,7);
INSERT INTO "character_in_book" VALUES(122,2);
INSERT INTO "character_in_book" VALUES(122,4);
INSERT INTO "character_in_book" VALUES(122,6);
INSERT INTO "character_in_book" VALUES(123,4);
INSERT INTO "character_in_book" VALUES(123,5);
INSERT INTO "character_in_book" VALUES(123,6);
INSERT INTO "character_in_book" VALUES(123,7);
INSERT INTO "character_in_book" VALUES(124,1);
INSERT INTO "character_in_book" VALUES(124,4);
INSERT INTO "character_in_book" VALUES(124,5);
INSERT INTO "character_in_book" VALUES(124,6);
INSERT INTO "character_in_book" VALUES(124,7);
INSERT INTO "character_in_book" VALUES(125,1);
INSERT INTO "character_in_book" VALUES(125,2);
INSERT INTO "character_in_book" VALUES(125,3);
INSERT INTO "character_in_book" VALUES(125,4);
INSERT INTO "character_in_book" VALUES(125,5);
INSERT INTO "character_in_book" VALUES(125,6);
INSERT INTO "character_in_book" VALUES(125,7);
INSERT INTO "character_in_book" VALUES(127,1);
INSERT INTO "character_in_book" VALUES(127,2);
INSERT INTO "character_in_book" VALUES(127,3);
INSERT INTO "character_in_book" VALUES(127,4);
INSERT INTO "character_in_book" VALUES(127,5);
INSERT INTO "character_in_book" VALUES(127,6);
INSERT INTO "character_in_book" VALUES(127,7);
INSERT INTO "character_in_book" VALUES(128,1);
INSERT INTO "character_in_book" VALUES(129,1);
INSERT INTO "character_in_book" VALUES(129,2);
INSERT INTO "character_in_book" VALUES(129,3);
INSERT INTO "character_in_book" VALUES(129,4);
INSERT INTO "character_in_book" VALUES(129,5);
INSERT INTO "character_in_book" VALUES(129,7);
INSERT INTO "character_in_book" VALUES(130,5);
INSERT INTO "character_in_book" VALUES(130,6);
INSERT INTO "character_in_book" VALUES(130,7);
INSERT INTO "character_in_book" VALUES(131,1);
INSERT INTO "character_in_book" VALUES(131,2);
INSERT INTO "character_in_book" VALUES(131,3);
INSERT INTO "character_in_book" VALUES(131,4);
INSERT INTO "character_in_book" VALUES(131,5);
INSERT INTO "character_in_book" VALUES(131,6);
INSERT INTO "character_in_book" VALUES(131,7);
INSERT INTO "character_in_book" VALUES(132,4);
INSERT INTO "character_in_book" VALUES(132,5);
INSERT INTO "character_in_book" VALUES(132,6);
INSERT INTO "character_in_book" VALUES(132,7);
INSERT INTO "character_in_book" VALUES(133,1);
INSERT INTO "character_in_book" VALUES(133,4);
INSERT INTO "character_in_book" VALUES(133,5);
INSERT INTO "character_in_book" VALUES(133,6);
INSERT INTO "character_in_book" VALUES(133,7);
INSERT INTO "character_in_book" VALUES(134,1);
INSERT INTO "character_in_book" VALUES(134,3);
INSERT INTO "character_in_book" VALUES(134,4);
INSERT INTO "character_in_book" VALUES(134,5);
INSERT INTO "character_in_book" VALUES(134,6);
INSERT INTO "character_in_book" VALUES(134,7);
INSERT INTO "character_in_book" VALUES(135,1);
INSERT INTO "character_in_book" VALUES(135,2);
INSERT INTO "character_in_book" VALUES(135,3);
INSERT INTO "character_in_book" VALUES(135,4);
INSERT INTO "character_in_book" VALUES(135,5);
INSERT INTO "character_in_book" VALUES(135,6);
INSERT INTO "character_in_book" VALUES(135,7);
INSERT INTO "character_in_book" VALUES(136,1);
INSERT INTO "character_in_book" VALUES(136,2);
INSERT INTO "character_in_book" VALUES(136,3);
INSERT INTO "character_in_book" VALUES(136,4);
INSERT INTO "character_in_book" VALUES(136,5);
INSERT INTO "character_in_book" VALUES(136,6);
INSERT INTO "character_in_book" VALUES(136,7);
INSERT INTO "character_in_book" VALUES(137,2);
INSERT INTO "character_in_book" VALUES(137,3);
INSERT INTO "character_in_book" VALUES(137,7);
INSERT INTO "character_in_book" VALUES(138,7);
INSERT INTO "character_in_book" VALUES(139,1);
INSERT INTO "character_in_book" VALUES(139,2);
INSERT INTO "character_in_book" VALUES(139,3);
INSERT INTO "character_in_book" VALUES(139,4);
INSERT INTO "character_in_book" VALUES(139,5);
INSERT INTO "character_in_book" VALUES(139,6);
INSERT INTO "character_in_book" VALUES(139,7);
INSERT INTO "character_in_book" VALUES(140,1);
INSERT INTO "character_in_book" VALUES(140,2);
INSERT INTO "character_in_book" VALUES(140,3);
INSERT INTO "character_in_book" VALUES(140,4);
INSERT INTO "character_in_book" VALUES(140,5);
INSERT INTO "character_in_book" VALUES(140,6);
INSERT INTO "character_in_book" VALUES(140,7);
INSERT INTO "character_in_book" VALUES(142,1);
INSERT INTO "character_in_book" VALUES(142,2);
INSERT INTO "character_in_book" VALUES(142,3);
INSERT INTO "character_in_book" VALUES(142,4);
INSERT INTO "character_in_book" VALUES(142,5);
INSERT INTO "character_in_book" VALUES(142,6);
INSERT INTO "character_in_book" VALUES(142,7);
INSERT INTO "character_in_book" VALUES(143,3);
INSERT INTO "character_in_book" VALUES(143,4);
INSERT INTO "character_in_book" VALUES(143,5);
INSERT INTO "character_in_book" VALUES(143,6);
INSERT INTO "character_in_book" VALUES(143,7);
INSERT INTO "character_in_book" VALUES(144,7);
INSERT INTO "character_in_book" VALUES(145,1);
INSERT INTO "character_in_book" VALUES(145,2);
INSERT INTO "character_in_book" VALUES(145,3);
INSERT INTO "character_in_book" VALUES(145,4);
INSERT INTO "character_in_book" VALUES(145,5);
INSERT INTO "character_in_book" VALUES(145,6);
INSERT INTO "character_in_book" VALUES(145,7);
INSERT INTO "character_in_book" VALUES(146,1);
INSERT INTO "character_in_book" VALUES(146,2);
INSERT INTO "character_in_book" VALUES(146,3);
INSERT INTO "character_in_book" VALUES(146,4);
INSERT INTO "character_in_book" VALUES(146,5);
INSERT INTO "character_in_book" VALUES(146,6);
INSERT INTO "character_in_book" VALUES(146,7);
INSERT INTO "character_in_book" VALUES(147,1);
INSERT INTO "character_in_book" VALUES(148,4);
INSERT INTO "character_in_book" VALUES(148,5);
INSERT INTO "character_in_book" VALUES(149,7);
INSERT INTO "character_in_book" VALUES(150,5);
INSERT INTO "character_in_book" VALUES(150,6);
INSERT INTO "character_in_book" VALUES(150,7);
INSERT INTO "character_in_book" VALUES(151,3);
INSERT INTO "character_in_book" VALUES(151,4);
INSERT INTO "character_in_book" VALUES(151,5);
INSERT INTO "character_in_book" VALUES(151,6);
INSERT INTO "character_in_book" VALUES(151,7);
INSERT INTO "character_in_book" VALUES(152,4);
INSERT INTO "character_in_book" VALUES(152,5);
INSERT INTO "character_in_book" VALUES(152,6);
INSERT INTO "character_in_book" VALUES(152,7);
INSERT INTO "character_in_book" VALUES(153,4);
INSERT INTO "character_in_book" VALUES(153,5);
INSERT INTO "character_in_book" VALUES(153,7);
INSERT INTO "character_in_book" VALUES(154,1);
INSERT INTO "character_in_book" VALUES(154,2);
INSERT INTO "character_in_book" VALUES(154,3);
INSERT INTO "character_in_book" VALUES(154,5);
INSERT INTO "character_in_book" VALUES(154,6);
INSERT INTO "character_in_book" VALUES(155,6);
INSERT INTO "character_in_book" VALUES(156,1);
INSERT INTO "character_in_book" VALUES(156,2);
INSERT INTO "character_in_book" VALUES(156,3);
INSERT INTO "character_in_book" VALUES(156,4);
INSERT INTO "character_in_book" VALUES(156,5);
INSERT INTO "character_in_book" VALUES(156,6);
INSERT INTO "character_in_book" VALUES(156,7);
INSERT INTO "character_in_book" VALUES(157,3);
INSERT INTO "character_in_book" VALUES(157,4);
INSERT INTO "character_in_book" VALUES(157,5);
INSERT INTO "character_in_book" VALUES(158,2);
INSERT INTO "character_in_book" VALUES(158,7);
INSERT INTO "character_in_book" VALUES(159,1);
INSERT INTO "character_in_book" VALUES(159,2);
INSERT INTO "character_in_book" VALUES(159,3);
INSERT INTO "character_in_book" VALUES(159,4);
INSERT INTO "character_in_book" VALUES(159,5);
INSERT INTO "character_in_book" VALUES(159,6);
INSERT INTO "character_in_book" VALUES(159,7);
INSERT INTO "character_in_book" VALUES(160,5);
INSERT INTO "character_in_book" VALUES(160,6);
INSERT INTO "character_in_book" VALUES(160,7);
INSERT INTO "character_in_book" VALUES(161,2);
INSERT INTO "character_in_book" VALUES(161,6);
INSERT INTO "character_in_book" VALUES(161,7);
INSERT INTO "character_in_book" VALUES(162,7);
INSERT INTO "character_in_book" VALUES(163,1);
INSERT INTO "character_in_book" VALUES(163,2);
INSERT INTO "character_in_book" VALUES(163,3);
INSERT INTO "character_in_book" VALUES(163,4);
INSERT INTO "character_in_book" VALUES(163,5);
INSERT INTO "character_in_book" VALUES(163,6);
INSERT INTO "character_in_book" VALUES(163,7);
INSERT INTO "character_in_book" VALUES(164,7);
INSERT INTO "character_in_book" VALUES(165,3);
INSERT INTO "character_in_book" VALUES(165,4);
INSERT INTO "character_in_book" VALUES(165,5);
INSERT INTO "character_in_book" VALUES(165,6);
INSERT INTO "character_in_book" VALUES(166,1);
INSERT INTO "character_in_book" VALUES(166,2);
INSERT INTO "character_in_book" VALUES(166,3);
INSERT INTO "character_in_book" VALUES(166,4);
INSERT INTO "character_in_book" VALUES(166,5);
INSERT INTO "character_in_book" VALUES(166,6);
INSERT INTO "character_in_book" VALUES(166,7);
INSERT INTO "character_in_book" VALUES(167,1);
INSERT INTO "character_in_book" VALUES(167,3);
INSERT INTO "character_in_book" VALUES(167,4);
INSERT INTO "character_in_book" VALUES(167,5);
INSERT INTO "character_in_book" VALUES(167,6);
INSERT INTO "character_in_book" VALUES(167,7);
INSERT INTO "character_in_book" VALUES(168,3);
INSERT INTO "character_in_book" VALUES(168,4);
INSERT INTO "character_in_book" VALUES(168,5);
INSERT INTO "character_in_book" VALUES(168,6);
INSERT INTO "character_in_book" VALUES(168,7);
INSERT INTO "character_in_book" VALUES(169,5);
INSERT INTO "character_in_book" VALUES(170,1);
INSERT INTO "character_in_book" VALUES(170,3);
INSERT INTO "character_in_book" VALUES(170,5);
INSERT INTO "character_in_book" VALUES(170,7);
INSERT INTO "character_in_book" VALUES(171,3);
INSERT INTO "character_in_book" VALUES(171,4);
INSERT INTO "character_in_book" VALUES(171,5);
INSERT INTO "character_in_book" VALUES(171,6);
INSERT INTO "character_in_book" VALUES(171,7);
INSERT INTO "character_in_book" VALUES(172,1);
INSERT INTO "character_in_book" VALUES(172,3);
INSERT INTO "character_in_book" VALUES(172,5);
INSERT INTO "character_in_book" VALUES(172,6);
INSERT INTO "character_in_book" VALUES(172,7);
INSERT INTO "character_in_book" VALUES(173,1);
INSERT INTO "character_in_book" VALUES(174,1);
INSERT INTO "character_in_book" VALUES(174,2);
INSERT INTO "character_in_book" VALUES(174,4);
INSERT INTO "character_in_book" VALUES(174,5);
INSERT INTO "character_in_book" VALUES(174,6);
INSERT INTO "character_in_book" VALUES(174,7);
INSERT INTO "character_in_book" VALUES(175,1);
INSERT INTO "character_in_book" VALUES(175,2);
INSERT INTO "character_in_book" VALUES(175,3);
INSERT INTO "character_in_book" VALUES(175,4);
INSERT INTO "character_in_book" VALUES(175,5);
INSERT INTO "character_in_book" VALUES(175,6);
INSERT INTO "character_in_book" VALUES(175,7);
INSERT INTO "character_in_book" VALUES(176,1);
INSERT INTO "character_in_book" VALUES(176,5);
INSERT INTO "character_in_book" VALUES(176,6);
INSERT INTO "character_in_book" VALUES(177,4);
INSERT INTO "character_in_book" VALUES(177,5);
INSERT INTO "character_in_book" VALUES(178,5);
INSERT INTO "character_in_book" VALUES(179,1);
INSERT INTO "character_in_book" VALUES(179,2);
INSERT INTO "character_in_book" VALUES(179,3);
INSERT INTO "character_in_book" VALUES(179,4);
INSERT INTO "character_in_book" VALUES(179,5);
INSERT INTO "character_in_book" VALUES(179,6);
INSERT INTO "character_in_book" VALUES(179,7);
INSERT INTO "character_in_book" VALUES(181,2);
INSERT INTO "character_in_book" VALUES(181,4);
INSERT INTO "character_in_book" VALUES(181,5);
INSERT INTO "character_in_book" VALUES(181,6);
INSERT INTO "character_in_book" VALUES(182,1);
INSERT INTO "character_in_book" VALUES(182,3);
INSERT INTO "character_in_book" VALUES(182,4);
INSERT INTO "character_in_book" VALUES(182,5);
INSERT INTO "character_in_book" VALUES(182,6);
INSERT INTO "character_in_book" VALUES(183,1);
INSERT INTO "character_in_book" VALUES(183,2);
INSERT INTO "character_in_book" VALUES(183,3);
INSERT INTO "character_in_book" VALUES(183,4);
INSERT INTO "character_in_book" VALUES(183,5);
INSERT INTO "character_in_book" VALUES(183,6);
INSERT INTO "character_in_book" VALUES(183,7);
INSERT INTO "character_in_book" VALUES(184,4);
INSERT INTO "character_in_book" VALUES(184,5);
INSERT INTO "character_in_book" VALUES(184,6);
INSERT INTO "character_in_book" VALUES(184,7);
INSERT INTO "character_in_book" VALUES(185,1);
INSERT INTO "character_in_book" VALUES(185,2);
INSERT INTO "character_in_book" VALUES(185,3);
INSERT INTO "character_in_book" VALUES(185,4);
INSERT INTO "character_in_book" VALUES(185,5);
INSERT INTO "character_in_book" VALUES(185,6);
INSERT INTO "character_in_book" VALUES(185,7);
INSERT INTO "character_in_book" VALUES(186,4);
INSERT INTO "character_in_book" VALUES(186,5);
INSERT INTO "character_in_book" VALUES(186,6);
INSERT INTO "character_in_book" VALUES(187,1);
INSERT INTO "character_in_book" VALUES(187,2);
INSERT INTO "character_in_book" VALUES(187,3);
INSERT INTO "character_in_book" VALUES(187,4);
INSERT INTO "character_in_book" VALUES(187,5);
INSERT INTO "character_in_book" VALUES(187,6);
INSERT INTO "character_in_book" VALUES(187,7);
INSERT INTO "character_in_book" VALUES(188,4);
INSERT INTO "character_in_book" VALUES(188,5);
INSERT INTO "character_in_book" VALUES(188,6);
INSERT INTO "character_in_book" VALUES(189,4);
INSERT INTO "character_in_book" VALUES(189,5);
INSERT INTO "character_in_book" VALUES(189,6);
INSERT INTO "character_in_book" VALUES(189,7);
INSERT INTO "character_in_book" VALUES(190,6);
INSERT INTO "character_in_book" VALUES(190,7);
INSERT INTO "character_in_book" VALUES(191,5);
INSERT INTO "character_in_book" VALUES(191,6);
INSERT INTO "character_in_book" VALUES(191,7);
CREATE TABLE "character_in_film" (
	character_id	INTEGER,
	film_id	INTEGER
);
INSERT INTO "character_in_film" VALUES(1,5);
INSERT INTO "character_in_film" VALUES(1,7);
INSERT INTO "character_in_film" VALUES(1,8);
INSERT INTO "character_in_film" VALUES(2,4);
INSERT INTO "character_in_film" VALUES(2,5);
INSERT INTO "character_in_film" VALUES(2,7);
INSERT INTO "character_in_film" VALUES(3,1);
INSERT INTO "character_in_film" VALUES(3,2);
INSERT INTO "character_in_film" VALUES(3,3);
INSERT INTO "character_in_film" VALUES(3,4);
INSERT INTO "character_in_film" VALUES(3,5);
INSERT INTO "character_in_film" VALUES(3,6);
INSERT INTO "character_in_film" VALUES(3,7);
INSERT INTO "character_in_film" VALUES(3,8);
INSERT INTO "character_in_film" VALUES(4,6);
INSERT INTO "character_in_film" VALUES(4,7);
INSERT INTO "character_in_film" VALUES(4,8);
INSERT INTO "character_in_film" VALUES(6,4);
INSERT INTO "character_in_film" VALUES(6,5);
INSERT INTO "character_in_film" VALUES(7,1);
INSERT INTO "character_in_film" VALUES(7,2);
INSERT INTO "character_in_film" VALUES(7,3);
INSERT INTO "character_in_film" VALUES(7,5);
INSERT INTO "character_in_film" VALUES(8,5);
INSERT INTO "character_in_film" VALUES(9,4);
INSERT INTO "character_in_film" VALUES(10,5);
INSERT INTO "character_in_film" VALUES(10,7);
INSERT INTO "character_in_film" VALUES(10,8);
INSERT INTO "character_in_film" VALUES(11,5);
INSERT INTO "character_in_film" VALUES(11,8);
INSERT INTO "character_in_film" VALUES(12,1);
INSERT INTO "character_in_film" VALUES(12,2);
INSERT INTO "character_in_film" VALUES(12,3);
INSERT INTO "character_in_film" VALUES(12,4);
INSERT INTO "character_in_film" VALUES(14,7);
INSERT INTO "character_in_film" VALUES(15,5);
INSERT INTO "character_in_film" VALUES(15,7);
INSERT INTO "character_in_film" VALUES(15,8);
INSERT INTO "character_in_film" VALUES(16,5);
INSERT INTO "character_in_film" VALUES(17,2);
INSERT INTO "character_in_film" VALUES(17,6);
INSERT INTO "character_in_film" VALUES(18,1);
INSERT INTO "character_in_film" VALUES(18,2);
INSERT INTO "character_in_film" VALUES(18,3);
INSERT INTO "character_in_film" VALUES(18,4);
INSERT INTO "character_in_film" VALUES(18,5);
INSERT INTO "character_in_film" VALUES(18,6);
INSERT INTO "character_in_film" VALUES(18,8);
INSERT INTO "character_in_film" VALUES(19,7);
INSERT INTO "character_in_film" VALUES(19,8);
INSERT INTO "character_in_film" VALUES(20,6);
INSERT INTO "character_in_film" VALUES(21,1);
INSERT INTO "character_in_film" VALUES(21,2);
INSERT INTO "character_in_film" VALUES(21,3);
INSERT INTO "character_in_film" VALUES(21,4);
INSERT INTO "character_in_film" VALUES(21,5);
INSERT INTO "character_in_film" VALUES(21,6);
INSERT INTO "character_in_film" VALUES(21,7);
INSERT INTO "character_in_film" VALUES(21,8);
INSERT INTO "character_in_film" VALUES(22,1);
INSERT INTO "character_in_film" VALUES(22,2);
INSERT INTO "character_in_film" VALUES(22,3);
INSERT INTO "character_in_film" VALUES(22,5);
INSERT INTO "character_in_film" VALUES(22,8);
INSERT INTO "character_in_film" VALUES(23,4);
INSERT INTO "character_in_film" VALUES(24,5);
INSERT INTO "character_in_film" VALUES(25,7);
INSERT INTO "character_in_film" VALUES(28,5);
INSERT INTO "character_in_film" VALUES(28,6);
INSERT INTO "character_in_film" VALUES(28,7);
INSERT INTO "character_in_film" VALUES(28,8);
INSERT INTO "character_in_film" VALUES(29,6);
INSERT INTO "character_in_film" VALUES(29,7);
INSERT INTO "character_in_film" VALUES(29,8);
INSERT INTO "character_in_film" VALUES(31,3);
INSERT INTO "character_in_film" VALUES(32,7);
INSERT INTO "character_in_film" VALUES(33,3);
INSERT INTO "character_in_film" VALUES(34,3);
INSERT INTO "character_in_film" VALUES(34,4);
INSERT INTO "character_in_film" VALUES(34,5);
INSERT INTO "character_in_film" VALUES(35,7);
INSERT INTO "character_in_film" VALUES(36,1);
INSERT INTO "character_in_film" VALUES(36,2);
INSERT INTO "character_in_film" VALUES(36,3);
INSERT INTO "character_in_film" VALUES(36,4);
INSERT INTO "character_in_film" VALUES(37,4);
INSERT INTO "character_in_film" VALUES(37,5);
INSERT INTO "character_in_film" VALUES(37,6);
INSERT INTO "character_in_film" VALUES(37,7);
INSERT INTO "character_in_film" VALUES(37,8);
INSERT INTO "character_in_film" VALUES(38,2);
INSERT INTO "character_in_film" VALUES(39,6);
INSERT INTO "character_in_film" VALUES(39,7);
INSERT INTO "character_in_film" VALUES(39,8);
INSERT INTO "character_in_film" VALUES(40,2);
INSERT INTO "character_in_film" VALUES(40,3);
INSERT INTO "character_in_film" VALUES(40,4);
INSERT INTO "character_in_film" VALUES(40,5);
INSERT INTO "character_in_film" VALUES(40,6);
INSERT INTO "character_in_film" VALUES(41,3);
INSERT INTO "character_in_film" VALUES(41,4);
INSERT INTO "character_in_film" VALUES(41,5);
INSERT INTO "character_in_film" VALUES(41,6);
INSERT INTO "character_in_film" VALUES(43,1);
INSERT INTO "character_in_film" VALUES(43,2);
INSERT INTO "character_in_film" VALUES(43,3);
INSERT INTO "character_in_film" VALUES(43,4);
INSERT INTO "character_in_film" VALUES(43,5);
INSERT INTO "character_in_film" VALUES(43,6);
INSERT INTO "character_in_film" VALUES(43,7);
INSERT INTO "character_in_film" VALUES(43,8);
INSERT INTO "character_in_film" VALUES(44,1);
INSERT INTO "character_in_film" VALUES(45,5);
INSERT INTO "character_in_film" VALUES(47,7);
INSERT INTO "character_in_film" VALUES(48,2);
INSERT INTO "character_in_film" VALUES(48,7);
INSERT INTO "character_in_film" VALUES(48,8);
INSERT INTO "character_in_film" VALUES(49,5);
INSERT INTO "character_in_film" VALUES(49,6);
INSERT INTO "character_in_film" VALUES(49,7);
INSERT INTO "character_in_film" VALUES(50,1);
INSERT INTO "character_in_film" VALUES(50,2);
INSERT INTO "character_in_film" VALUES(50,3);
INSERT INTO "character_in_film" VALUES(50,4);
INSERT INTO "character_in_film" VALUES(50,5);
INSERT INTO "character_in_film" VALUES(50,6);
INSERT INTO "character_in_film" VALUES(50,7);
INSERT INTO "character_in_film" VALUES(50,8);
INSERT INTO "character_in_film" VALUES(51,1);
INSERT INTO "character_in_film" VALUES(51,2);
INSERT INTO "character_in_film" VALUES(51,3);
INSERT INTO "character_in_film" VALUES(51,5);
INSERT INTO "character_in_film" VALUES(51,7);
INSERT INTO "character_in_film" VALUES(52,7);
INSERT INTO "character_in_film" VALUES(53,7);
INSERT INTO "character_in_film" VALUES(54,5);
INSERT INTO "character_in_film" VALUES(54,7);
INSERT INTO "character_in_film" VALUES(55,6);
INSERT INTO "character_in_film" VALUES(57,2);
INSERT INTO "character_in_film" VALUES(57,4);
INSERT INTO "character_in_film" VALUES(57,8);
INSERT INTO "character_in_film" VALUES(58,2);
INSERT INTO "character_in_film" VALUES(59,5);
INSERT INTO "character_in_film" VALUES(59,6);
INSERT INTO "character_in_film" VALUES(59,8);
INSERT INTO "character_in_film" VALUES(60,1);
INSERT INTO "character_in_film" VALUES(60,2);
INSERT INTO "character_in_film" VALUES(60,5);
INSERT INTO "character_in_film" VALUES(60,6);
INSERT INTO "character_in_film" VALUES(61,1);
INSERT INTO "character_in_film" VALUES(61,2);
INSERT INTO "character_in_film" VALUES(61,4);
INSERT INTO "character_in_film" VALUES(61,5);
INSERT INTO "character_in_film" VALUES(61,6);
INSERT INTO "character_in_film" VALUES(62,6);
INSERT INTO "character_in_film" VALUES(62,7);
INSERT INTO "character_in_film" VALUES(62,8);
INSERT INTO "character_in_film" VALUES(63,1);
INSERT INTO "character_in_film" VALUES(63,2);
INSERT INTO "character_in_film" VALUES(63,3);
INSERT INTO "character_in_film" VALUES(63,4);
INSERT INTO "character_in_film" VALUES(63,5);
INSERT INTO "character_in_film" VALUES(63,6);
INSERT INTO "character_in_film" VALUES(63,8);
INSERT INTO "character_in_film" VALUES(64,1);
INSERT INTO "character_in_film" VALUES(65,4);
INSERT INTO "character_in_film" VALUES(65,6);
INSERT INTO "character_in_film" VALUES(65,7);
INSERT INTO "character_in_film" VALUES(65,8);
INSERT INTO "character_in_film" VALUES(66,1);
INSERT INTO "character_in_film" VALUES(67,4);
INSERT INTO "character_in_film" VALUES(68,4);
INSERT INTO "character_in_film" VALUES(68,5);
INSERT INTO "character_in_film" VALUES(69,1);
INSERT INTO "character_in_film" VALUES(69,2);
INSERT INTO "character_in_film" VALUES(69,3);
INSERT INTO "character_in_film" VALUES(69,4);
INSERT INTO "character_in_film" VALUES(69,5);
INSERT INTO "character_in_film" VALUES(69,6);
INSERT INTO "character_in_film" VALUES(69,7);
INSERT INTO "character_in_film" VALUES(69,8);
INSERT INTO "character_in_film" VALUES(70,4);
INSERT INTO "character_in_film" VALUES(71,4);
INSERT INTO "character_in_film" VALUES(71,7);
INSERT INTO "character_in_film" VALUES(72,1);
INSERT INTO "character_in_film" VALUES(72,6);
INSERT INTO "character_in_film" VALUES(72,7);
INSERT INTO "character_in_film" VALUES(72,8);
INSERT INTO "character_in_film" VALUES(73,7);
INSERT INTO "character_in_film" VALUES(74,1);
INSERT INTO "character_in_film" VALUES(74,2);
INSERT INTO "character_in_film" VALUES(74,3);
INSERT INTO "character_in_film" VALUES(74,4);
INSERT INTO "character_in_film" VALUES(74,5);
INSERT INTO "character_in_film" VALUES(74,6);
INSERT INTO "character_in_film" VALUES(74,7);
INSERT INTO "character_in_film" VALUES(74,8);
INSERT INTO "character_in_film" VALUES(75,2);
INSERT INTO "character_in_film" VALUES(76,1);
INSERT INTO "character_in_film" VALUES(76,2);
INSERT INTO "character_in_film" VALUES(76,3);
INSERT INTO "character_in_film" VALUES(76,4);
INSERT INTO "character_in_film" VALUES(76,5);
INSERT INTO "character_in_film" VALUES(76,6);
INSERT INTO "character_in_film" VALUES(76,7);
INSERT INTO "character_in_film" VALUES(76,8);
INSERT INTO "character_in_film" VALUES(78,5);
INSERT INTO "character_in_film" VALUES(79,1);
INSERT INTO "character_in_film" VALUES(79,2);
INSERT INTO "character_in_film" VALUES(79,3);
INSERT INTO "character_in_film" VALUES(79,4);
INSERT INTO "character_in_film" VALUES(79,5);
INSERT INTO "character_in_film" VALUES(79,6);
INSERT INTO "character_in_film" VALUES(79,7);
INSERT INTO "character_in_film" VALUES(79,8);
INSERT INTO "character_in_film" VALUES(80,1);
INSERT INTO "character_in_film" VALUES(80,7);
INSERT INTO "character_in_film" VALUES(80,8);
INSERT INTO "character_in_film" VALUES(81,2);
INSERT INTO "character_in_film" VALUES(81,4);
INSERT INTO "character_in_film" VALUES(82,1);
INSERT INTO "character_in_film" VALUES(82,2);
INSERT INTO "character_in_film" VALUES(82,3);
INSERT INTO "character_in_film" VALUES(82,4);
INSERT INTO "character_in_film" VALUES(82,5);
INSERT INTO "character_in_film" VALUES(82,6);
INSERT INTO "character_in_film" VALUES(82,7);
INSERT INTO "character_in_film" VALUES(82,8);
INSERT INTO "character_in_film" VALUES(83,1);
INSERT INTO "character_in_film" VALUES(83,2);
INSERT INTO "character_in_film" VALUES(83,3);
INSERT INTO "character_in_film" VALUES(83,4);
INSERT INTO "character_in_film" VALUES(83,5);
INSERT INTO "character_in_film" VALUES(83,6);
INSERT INTO "character_in_film" VALUES(83,7);
INSERT INTO "character_in_film" VALUES(84,1);
INSERT INTO "character_in_film" VALUES(84,2);
INSERT INTO "character_in_film" VALUES(84,8);
INSERT INTO "character_in_film" VALUES(85,2);
INSERT INTO "character_in_film" VALUES(87,1);
INSERT INTO "character_in_film" VALUES(87,3);
INSERT INTO "character_in_film" VALUES(88,1);
INSERT INTO "character_in_film" VALUES(88,2);
INSERT INTO "character_in_film" VALUES(88,3);
INSERT INTO "character_in_film" VALUES(88,4);
INSERT INTO "character_in_film" VALUES(88,5);
INSERT INTO "character_in_film" VALUES(88,6);
INSERT INTO "character_in_film" VALUES(88,7);
INSERT INTO "character_in_film" VALUES(88,8);
INSERT INTO "character_in_film" VALUES(89,6);
INSERT INTO "character_in_film" VALUES(89,7);
INSERT INTO "character_in_film" VALUES(89,8);
INSERT INTO "character_in_film" VALUES(90,7);
INSERT INTO "character_in_film" VALUES(91,4);
INSERT INTO "character_in_film" VALUES(92,2);
INSERT INTO "character_in_film" VALUES(93,5);
INSERT INTO "character_in_film" VALUES(94,2);
INSERT INTO "character_in_film" VALUES(95,1);
INSERT INTO "character_in_film" VALUES(95,2);
INSERT INTO "character_in_film" VALUES(95,3);
INSERT INTO "character_in_film" VALUES(95,6);
INSERT INTO "character_in_film" VALUES(95,7);
INSERT INTO "character_in_film" VALUES(95,8);
INSERT INTO "character_in_film" VALUES(96,7);
INSERT INTO "character_in_film" VALUES(97,5);
INSERT INTO "character_in_film" VALUES(97,6);
INSERT INTO "character_in_film" VALUES(97,7);
INSERT INTO "character_in_film" VALUES(97,8);
INSERT INTO "character_in_film" VALUES(98,5);
INSERT INTO "character_in_film" VALUES(98,7);
INSERT INTO "character_in_film" VALUES(99,2);
INSERT INTO "character_in_film" VALUES(99,3);
INSERT INTO "character_in_film" VALUES(99,6);
INSERT INTO "character_in_film" VALUES(99,7);
INSERT INTO "character_in_film" VALUES(99,8);
INSERT INTO "character_in_film" VALUES(100,1);
INSERT INTO "character_in_film" VALUES(100,2);
INSERT INTO "character_in_film" VALUES(100,6);
INSERT INTO "character_in_film" VALUES(101,8);
INSERT INTO "character_in_film" VALUES(102,1);
INSERT INTO "character_in_film" VALUES(102,2);
INSERT INTO "character_in_film" VALUES(102,3);
INSERT INTO "character_in_film" VALUES(102,4);
INSERT INTO "character_in_film" VALUES(102,5);
INSERT INTO "character_in_film" VALUES(102,7);
INSERT INTO "character_in_film" VALUES(102,8);
INSERT INTO "character_in_film" VALUES(104,5);
INSERT INTO "character_in_film" VALUES(104,6);
INSERT INTO "character_in_film" VALUES(104,7);
INSERT INTO "character_in_film" VALUES(104,8);
INSERT INTO "character_in_film" VALUES(105,5);
INSERT INTO "character_in_film" VALUES(108,2);
INSERT INTO "character_in_film" VALUES(108,6);
INSERT INTO "character_in_film" VALUES(108,7);
INSERT INTO "character_in_film" VALUES(109,7);
INSERT INTO "character_in_film" VALUES(110,4);
INSERT INTO "character_in_film" VALUES(111,6);
INSERT INTO "character_in_film" VALUES(111,7);
INSERT INTO "character_in_film" VALUES(112,5);
INSERT INTO "character_in_film" VALUES(112,7);
INSERT INTO "character_in_film" VALUES(112,8);
INSERT INTO "character_in_film" VALUES(113,2);
INSERT INTO "character_in_film" VALUES(114,1);
INSERT INTO "character_in_film" VALUES(114,2);
INSERT INTO "character_in_film" VALUES(114,3);
INSERT INTO "character_in_film" VALUES(114,4);
INSERT INTO "character_in_film" VALUES(114,5);
INSERT INTO "character_in_film" VALUES(114,6);
INSERT INTO "character_in_film" VALUES(114,8);
INSERT INTO "character_in_film" VALUES(115,1);
INSERT INTO "character_in_film" VALUES(115,2);
INSERT INTO "character_in_film" VALUES(115,3);
INSERT INTO "character_in_film" VALUES(115,4);
INSERT INTO "character_in_film" VALUES(115,5);
INSERT INTO "character_in_film" VALUES(115,6);
INSERT INTO "character_in_film" VALUES(115,7);
INSERT INTO "character_in_film" VALUES(115,8);
INSERT INTO "character_in_film" VALUES(117,4);
INSERT INTO "character_in_film" VALUES(118,1);
INSERT INTO "character_in_film" VALUES(118,2);
INSERT INTO "character_in_film" VALUES(118,3);
INSERT INTO "character_in_film" VALUES(118,4);
INSERT INTO "character_in_film" VALUES(118,5);
INSERT INTO "character_in_film" VALUES(118,6);
INSERT INTO "character_in_film" VALUES(118,8);
INSERT INTO "character_in_film" VALUES(119,5);
INSERT INTO "character_in_film" VALUES(119,7);
INSERT INTO "character_in_film" VALUES(120,7);
INSERT INTO "character_in_film" VALUES(120,8);
INSERT INTO "character_in_film" VALUES(121,7);
INSERT INTO "character_in_film" VALUES(122,2);
INSERT INTO "character_in_film" VALUES(122,4);
INSERT INTO "character_in_film" VALUES(123,4);
INSERT INTO "character_in_film" VALUES(123,5);
INSERT INTO "character_in_film" VALUES(123,6);
INSERT INTO "character_in_film" VALUES(123,7);
INSERT INTO "character_in_film" VALUES(123,8);
INSERT INTO "character_in_film" VALUES(124,6);
INSERT INTO "character_in_film" VALUES(124,7);
INSERT INTO "character_in_film" VALUES(124,8);
INSERT INTO "character_in_film" VALUES(125,1);
INSERT INTO "character_in_film" VALUES(125,2);
INSERT INTO "character_in_film" VALUES(125,3);
INSERT INTO "character_in_film" VALUES(125,4);
INSERT INTO "character_in_film" VALUES(125,5);
INSERT INTO "character_in_film" VALUES(125,6);
INSERT INTO "character_in_film" VALUES(125,7);
INSERT INTO "character_in_film" VALUES(125,8);
INSERT INTO "character_in_film" VALUES(127,1);
INSERT INTO "character_in_film" VALUES(127,2);
INSERT INTO "character_in_film" VALUES(127,5);
INSERT INTO "character_in_film" VALUES(128,1);
INSERT INTO "character_in_film" VALUES(129,1);
INSERT INTO "character_in_film" VALUES(130,5);
INSERT INTO "character_in_film" VALUES(130,6);
INSERT INTO "character_in_film" VALUES(130,7);
INSERT INTO "character_in_film" VALUES(130,8);
INSERT INTO "character_in_film" VALUES(131,1);
INSERT INTO "character_in_film" VALUES(131,2);
INSERT INTO "character_in_film" VALUES(131,3);
INSERT INTO "character_in_film" VALUES(131,8);
INSERT INTO "character_in_film" VALUES(132,4);
INSERT INTO "character_in_film" VALUES(133,3);
INSERT INTO "character_in_film" VALUES(133,4);
INSERT INTO "character_in_film" VALUES(133,5);
INSERT INTO "character_in_film" VALUES(133,6);
INSERT INTO "character_in_film" VALUES(133,7);
INSERT INTO "character_in_film" VALUES(133,8);
INSERT INTO "character_in_film" VALUES(134,3);
INSERT INTO "character_in_film" VALUES(134,5);
INSERT INTO "character_in_film" VALUES(134,6);
INSERT INTO "character_in_film" VALUES(134,7);
INSERT INTO "character_in_film" VALUES(134,8);
INSERT INTO "character_in_film" VALUES(135,1);
INSERT INTO "character_in_film" VALUES(135,3);
INSERT INTO "character_in_film" VALUES(135,4);
INSERT INTO "character_in_film" VALUES(135,5);
INSERT INTO "character_in_film" VALUES(135,6);
INSERT INTO "character_in_film" VALUES(136,1);
INSERT INTO "character_in_film" VALUES(137,2);
INSERT INTO "character_in_film" VALUES(137,7);
INSERT INTO "character_in_film" VALUES(138,7);
INSERT INTO "character_in_film" VALUES(139,1);
INSERT INTO "character_in_film" VALUES(139,2);
INSERT INTO "character_in_film" VALUES(139,3);
INSERT INTO "character_in_film" VALUES(139,5);
INSERT INTO "character_in_film" VALUES(139,7);
INSERT INTO "character_in_film" VALUES(139,8);
INSERT INTO "character_in_film" VALUES(140,1);
INSERT INTO "character_in_film" VALUES(140,2);
INSERT INTO "character_in_film" VALUES(140,3);
INSERT INTO "character_in_film" VALUES(140,4);
INSERT INTO "character_in_film" VALUES(140,5);
INSERT INTO "character_in_film" VALUES(140,6);
INSERT INTO "character_in_film" VALUES(140,7);
INSERT INTO "character_in_film" VALUES(140,8);
INSERT INTO "character_in_film" VALUES(142,1);
INSERT INTO "character_in_film" VALUES(142,2);
INSERT INTO "character_in_film" VALUES(142,3);
INSERT INTO "character_in_film" VALUES(142,5);
INSERT INTO "character_in_film" VALUES(142,7);
INSERT INTO "character_in_film" VALUES(142,8);
INSERT INTO "character_in_film" VALUES(143,7);
INSERT INTO "character_in_film" VALUES(144,7);
INSERT INTO "character_in_film" VALUES(144,8);
INSERT INTO "character_in_film" VALUES(145,2);
INSERT INTO "character_in_film" VALUES(145,4);
INSERT INTO "character_in_film" VALUES(145,6);
INSERT INTO "character_in_film" VALUES(145,8);
INSERT INTO "character_in_film" VALUES(146,1);
INSERT INTO "character_in_film" VALUES(146,2);
INSERT INTO "character_in_film" VALUES(146,3);
INSERT INTO "character_in_film" VALUES(146,6);
INSERT INTO "character_in_film" VALUES(146,8);
INSERT INTO "character_in_film" VALUES(147,1);
INSERT INTO "character_in_film" VALUES(148,5);
INSERT INTO "character_in_film" VALUES(149,7);
INSERT INTO "character_in_film" VALUES(150,5);
INSERT INTO "character_in_film" VALUES(150,6);
INSERT INTO "character_in_film" VALUES(150,7);
INSERT INTO "character_in_film" VALUES(151,3);
INSERT INTO "character_in_film" VALUES(151,4);
INSERT INTO "character_in_film" VALUES(151,5);
INSERT INTO "character_in_film" VALUES(151,6);
INSERT INTO "character_in_film" VALUES(151,7);
INSERT INTO "character_in_film" VALUES(151,8);
INSERT INTO "character_in_film" VALUES(152,4);
INSERT INTO "character_in_film" VALUES(153,5);
INSERT INTO "character_in_film" VALUES(154,1);
INSERT INTO "character_in_film" VALUES(154,3);
INSERT INTO "character_in_film" VALUES(155,6);
INSERT INTO "character_in_film" VALUES(155,7);
INSERT INTO "character_in_film" VALUES(155,8);
INSERT INTO "character_in_film" VALUES(156,1);
INSERT INTO "character_in_film" VALUES(156,2);
INSERT INTO "character_in_film" VALUES(156,3);
INSERT INTO "character_in_film" VALUES(156,4);
INSERT INTO "character_in_film" VALUES(156,5);
INSERT INTO "character_in_film" VALUES(156,6);
INSERT INTO "character_in_film" VALUES(156,7);
INSERT INTO "character_in_film" VALUES(156,8);
INSERT INTO "character_in_film" VALUES(157,3);
INSERT INTO "character_in_film" VALUES(157,5);
INSERT INTO "character_in_film" VALUES(158,2);
INSERT INTO "character_in_film" VALUES(158,7);
INSERT INTO "character_in_film" VALUES(158,8);
INSERT INTO "character_in_film" VALUES(159,1);
INSERT INTO "character_in_film" VALUES(159,2);
INSERT INTO "character_in_film" VALUES(159,3);
INSERT INTO "character_in_film" VALUES(159,4);
INSERT INTO "character_in_film" VALUES(159,5);
INSERT INTO "character_in_film" VALUES(159,6);
INSERT INTO "character_in_film" VALUES(159,7);
INSERT INTO "character_in_film" VALUES(159,8);
INSERT INTO "character_in_film" VALUES(160,6);
INSERT INTO "character_in_film" VALUES(160,7);
INSERT INTO "character_in_film" VALUES(161,2);
INSERT INTO "character_in_film" VALUES(161,3);
INSERT INTO "character_in_film" VALUES(161,6);
INSERT INTO "character_in_film" VALUES(161,8);
INSERT INTO "character_in_film" VALUES(162,7);
INSERT INTO "character_in_film" VALUES(162,8);
INSERT INTO "character_in_film" VALUES(163,1);
INSERT INTO "character_in_film" VALUES(163,2);
INSERT INTO "character_in_film" VALUES(163,3);
INSERT INTO "character_in_film" VALUES(163,4);
INSERT INTO "character_in_film" VALUES(163,5);
INSERT INTO "character_in_film" VALUES(163,6);
INSERT INTO "character_in_film" VALUES(163,7);
INSERT INTO "character_in_film" VALUES(163,8);
INSERT INTO "character_in_film" VALUES(165,1);
INSERT INTO "character_in_film" VALUES(166,1);
INSERT INTO "character_in_film" VALUES(166,2);
INSERT INTO "character_in_film" VALUES(166,3);
INSERT INTO "character_in_film" VALUES(166,4);
INSERT INTO "character_in_film" VALUES(166,5);
INSERT INTO "character_in_film" VALUES(166,6);
INSERT INTO "character_in_film" VALUES(166,7);
INSERT INTO "character_in_film" VALUES(166,8);
INSERT INTO "character_in_film" VALUES(167,3);
INSERT INTO "character_in_film" VALUES(167,4);
INSERT INTO "character_in_film" VALUES(167,5);
INSERT INTO "character_in_film" VALUES(167,6);
INSERT INTO "character_in_film" VALUES(167,7);
INSERT INTO "character_in_film" VALUES(167,8);
INSERT INTO "character_in_film" VALUES(168,3);
INSERT INTO "character_in_film" VALUES(170,1);
INSERT INTO "character_in_film" VALUES(170,3);
INSERT INTO "character_in_film" VALUES(170,7);
INSERT INTO "character_in_film" VALUES(171,3);
INSERT INTO "character_in_film" VALUES(171,5);
INSERT INTO "character_in_film" VALUES(171,8);
INSERT INTO "character_in_film" VALUES(172,1);
INSERT INTO "character_in_film" VALUES(173,1);
INSERT INTO "character_in_film" VALUES(173,2);
INSERT INTO "character_in_film" VALUES(173,4);
INSERT INTO "character_in_film" VALUES(173,5);
INSERT INTO "character_in_film" VALUES(173,7);
INSERT INTO "character_in_film" VALUES(174,1);
INSERT INTO "character_in_film" VALUES(175,1);
INSERT INTO "character_in_film" VALUES(175,3);
INSERT INTO "character_in_film" VALUES(177,4);
INSERT INTO "character_in_film" VALUES(179,1);
INSERT INTO "character_in_film" VALUES(179,2);
INSERT INTO "character_in_film" VALUES(179,3);
INSERT INTO "character_in_film" VALUES(179,4);
INSERT INTO "character_in_film" VALUES(179,5);
INSERT INTO "character_in_film" VALUES(179,6);
INSERT INTO "character_in_film" VALUES(179,7);
INSERT INTO "character_in_film" VALUES(179,8);
INSERT INTO "character_in_film" VALUES(181,2);
INSERT INTO "character_in_film" VALUES(181,4);
INSERT INTO "character_in_film" VALUES(182,1);
INSERT INTO "character_in_film" VALUES(182,3);
INSERT INTO "character_in_film" VALUES(182,6);
INSERT INTO "character_in_film" VALUES(183,1);
INSERT INTO "character_in_film" VALUES(183,2);
INSERT INTO "character_in_film" VALUES(183,3);
INSERT INTO "character_in_film" VALUES(183,5);
INSERT INTO "character_in_film" VALUES(183,7);
INSERT INTO "character_in_film" VALUES(184,4);
INSERT INTO "character_in_film" VALUES(184,6);
INSERT INTO "character_in_film" VALUES(184,7);
INSERT INTO "character_in_film" VALUES(185,1);
INSERT INTO "character_in_film" VALUES(185,2);
INSERT INTO "character_in_film" VALUES(185,3);
INSERT INTO "character_in_film" VALUES(185,4);
INSERT INTO "character_in_film" VALUES(185,5);
INSERT INTO "character_in_film" VALUES(185,6);
INSERT INTO "character_in_film" VALUES(186,5);
INSERT INTO "character_in_film" VALUES(187,1);
INSERT INTO "character_in_film" VALUES(187,2);
INSERT INTO "character_in_film" VALUES(187,3);
INSERT INTO "character_in_film" VALUES(187,4);
INSERT INTO "character_in_film" VALUES(187,5);
INSERT INTO "character_in_film" VALUES(187,6);
INSERT INTO "character_in_film" VALUES(187,7);
INSERT INTO "character_in_film" VALUES(187,8);
INSERT INTO "character_in_film" VALUES(189,5);
INSERT INTO "character_in_film" VALUES(189,6);
INSERT INTO "character_in_film" VALUES(189,7);
INSERT INTO "character_in_film" VALUES(189,8);
INSERT INTO "character_in_film" VALUES(190,7);
INSERT INTO "character_in_film" VALUES(191,5);
INSERT INTO "character_in_film" VALUES(191,8);
CREATE TABLE request (
	request_id INTEGER NOT NULL, 
	ip_address VARCHAR(20), 
	requests INTEGER, 
	last_request DATETIME, 
	first_request DATETIME, 
	PRIMARY KEY (request_id)
);
INSERT INTO "request" VALUES(1,'127.0.0.1',14,'2015-04-22 23:03:19.167985','2015-04-22 22:38:21.083292');
COMMIT;
